/*
Navicat MySQL Data Transfer

Source Server         : ADSO_VIRTUAL
Source Server Version : 50505
Source Host           : localhost:3306
Source Database       : adso_85

Target Server Type    : MYSQL
Target Server Version : 50505
File Encoding         : 65001

Date: 2022-09-28 09:31:19
*/

SET FOREIGN_KEY_CHECKS=0;

-- ----------------------------
-- Table structure for `ciudades`
-- ----------------------------
DROP TABLE IF EXISTS `ciudades`;
CREATE TABLE `ciudades` (
  `id_ciudad` varchar(6) NOT NULL,
  `nombre` varchar(80) NOT NULL,
  `id_dpto` varchar(4) NOT NULL,
  PRIMARY KEY (`id_ciudad`),
  KEY `fk_ciudades_dptos` (`id_dpto`),
  CONSTRAINT `fk_ciudades_dptos` FOREIGN KEY (`id_dpto`) REFERENCES `dptos` (`id_dpto`) ON DELETE NO ACTION ON UPDATE CASCADE
) ENGINE=InnoDB DEFAULT CHARSET=utf8mb4;

-- ----------------------------
-- Records of ciudades
-- ----------------------------
INSERT INTO `ciudades` VALUES ('05001', 'MEDELLIN', '05');
INSERT INTO `ciudades` VALUES ('05002', 'ABEJORRAL', '05');
INSERT INTO `ciudades` VALUES ('05004', 'ABRIAQUI', '05');
INSERT INTO `ciudades` VALUES ('05021', 'ALEJANDRIA', '05');
INSERT INTO `ciudades` VALUES ('05030', 'AMAGA', '05');
INSERT INTO `ciudades` VALUES ('05031', 'AMALFI', '05');
INSERT INTO `ciudades` VALUES ('05034', 'ANDES', '05');
INSERT INTO `ciudades` VALUES ('05036', 'ANGELOPOLIS', '05');
INSERT INTO `ciudades` VALUES ('05038', 'ANGOSTURA', '05');
INSERT INTO `ciudades` VALUES ('05040', 'ANORI', '05');
INSERT INTO `ciudades` VALUES ('05042', 'ANTIOQUIA', '05');
INSERT INTO `ciudades` VALUES ('05044', 'ANZA', '05');
INSERT INTO `ciudades` VALUES ('05045', 'APARTADO', '05');
INSERT INTO `ciudades` VALUES ('05051', 'ARBOLETES', '05');
INSERT INTO `ciudades` VALUES ('05055', 'ARGELIA', '05');
INSERT INTO `ciudades` VALUES ('05059', 'ARMENIA', '05');
INSERT INTO `ciudades` VALUES ('05079', 'BARBOSA', '05');
INSERT INTO `ciudades` VALUES ('05086', 'BELMIRA', '05');
INSERT INTO `ciudades` VALUES ('05088', 'BELLO', '05');
INSERT INTO `ciudades` VALUES ('05091', 'BETANIA', '05');
INSERT INTO `ciudades` VALUES ('05093', 'BETULIA', '05');
INSERT INTO `ciudades` VALUES ('05101', 'BOLIVAR', '05');
INSERT INTO `ciudades` VALUES ('05107', 'BRICENO', '05');
INSERT INTO `ciudades` VALUES ('05113', 'BURITICA', '05');
INSERT INTO `ciudades` VALUES ('05120', 'CACERES', '05');
INSERT INTO `ciudades` VALUES ('05125', 'CAICEDO', '05');
INSERT INTO `ciudades` VALUES ('05129', 'CALDAS', '05');
INSERT INTO `ciudades` VALUES ('05134', 'CAMPAMENTO', '05');
INSERT INTO `ciudades` VALUES ('05138', 'CANASGORDAS', '05');
INSERT INTO `ciudades` VALUES ('05142', 'CARACOLI', '05');
INSERT INTO `ciudades` VALUES ('05145', 'CARAMANTA', '05');
INSERT INTO `ciudades` VALUES ('05147', 'CAREPA', '05');
INSERT INTO `ciudades` VALUES ('05148', 'CARMEN DE VIBORAL', '05');
INSERT INTO `ciudades` VALUES ('05150', 'CAROLINA', '05');
INSERT INTO `ciudades` VALUES ('05154', 'CAUCASIA', '05');
INSERT INTO `ciudades` VALUES ('05172', 'CHIGORODO', '05');
INSERT INTO `ciudades` VALUES ('05190', 'CISNEROS', '05');
INSERT INTO `ciudades` VALUES ('05197', 'COCORNA', '05');
INSERT INTO `ciudades` VALUES ('05206', 'CONCEPCION', '05');
INSERT INTO `ciudades` VALUES ('05209', 'CONCORDIA', '05');
INSERT INTO `ciudades` VALUES ('05212', 'COPACABANA', '05');
INSERT INTO `ciudades` VALUES ('05234', 'DABEIBA', '05');
INSERT INTO `ciudades` VALUES ('05237', 'DON MATIAS', '05');
INSERT INTO `ciudades` VALUES ('05240', 'EBEJICO', '05');
INSERT INTO `ciudades` VALUES ('05250', 'EL BAGRE', '05');
INSERT INTO `ciudades` VALUES ('05264', 'ENTRERRIOS', '05');
INSERT INTO `ciudades` VALUES ('05266', 'ENVIGADO', '05');
INSERT INTO `ciudades` VALUES ('05282', 'FREDONIA', '05');
INSERT INTO `ciudades` VALUES ('05284', 'FRONTINO', '05');
INSERT INTO `ciudades` VALUES ('05306', 'GIRALDO', '05');
INSERT INTO `ciudades` VALUES ('05308', 'GIRARDOTA', '05');
INSERT INTO `ciudades` VALUES ('05310', 'GOMEZ PLATA', '05');
INSERT INTO `ciudades` VALUES ('05313', 'GRANADA', '05');
INSERT INTO `ciudades` VALUES ('05315', 'GUADALUPE', '05');
INSERT INTO `ciudades` VALUES ('05318', 'GUARNE', '05');
INSERT INTO `ciudades` VALUES ('05321', 'GUATAPE', '05');
INSERT INTO `ciudades` VALUES ('05347', 'HELICONIA', '05');
INSERT INTO `ciudades` VALUES ('05353', 'HISPANIA', '05');
INSERT INTO `ciudades` VALUES ('05360', 'ITAGUI', '05');
INSERT INTO `ciudades` VALUES ('05361', 'ITUANGO', '05');
INSERT INTO `ciudades` VALUES ('05364', 'JARDIN', '05');
INSERT INTO `ciudades` VALUES ('05368', 'JERICO', '05');
INSERT INTO `ciudades` VALUES ('05376', 'LA CEJA', '05');
INSERT INTO `ciudades` VALUES ('05380', 'LA ESTRELLA', '05');
INSERT INTO `ciudades` VALUES ('05390', 'LA PINTADA', '05');
INSERT INTO `ciudades` VALUES ('05400', 'LA UNION', '05');
INSERT INTO `ciudades` VALUES ('05411', 'LIBORINA', '05');
INSERT INTO `ciudades` VALUES ('05425', 'MACEO', '05');
INSERT INTO `ciudades` VALUES ('05440', 'MARINILLA', '05');
INSERT INTO `ciudades` VALUES ('05467', 'MONTEBELLO', '05');
INSERT INTO `ciudades` VALUES ('05475', 'MURINDO', '05');
INSERT INTO `ciudades` VALUES ('05480', 'MUTATA', '05');
INSERT INTO `ciudades` VALUES ('05483', 'NARINO', '05');
INSERT INTO `ciudades` VALUES ('05490', 'NECOCLI', '05');
INSERT INTO `ciudades` VALUES ('05495', 'NECHI', '05');
INSERT INTO `ciudades` VALUES ('05501', 'OLAYA', '05');
INSERT INTO `ciudades` VALUES ('05541', 'PENOL', '05');
INSERT INTO `ciudades` VALUES ('05543', 'PEQUE', '05');
INSERT INTO `ciudades` VALUES ('05576', 'PUEBLORRICO', '05');
INSERT INTO `ciudades` VALUES ('05579', 'PUERTO BERRIO', '05');
INSERT INTO `ciudades` VALUES ('05585', 'PUERTO NARE (LA MAGDALENA)', '05');
INSERT INTO `ciudades` VALUES ('05591', 'PUERTO TRIUNFO', '05');
INSERT INTO `ciudades` VALUES ('05604', 'REMEDIOS', '05');
INSERT INTO `ciudades` VALUES ('05607', 'RETIRO', '05');
INSERT INTO `ciudades` VALUES ('05615', 'RIONEGRO', '05');
INSERT INTO `ciudades` VALUES ('05628', 'SABANALARGA', '05');
INSERT INTO `ciudades` VALUES ('05631', 'SABANETA', '05');
INSERT INTO `ciudades` VALUES ('05642', 'SALGAR', '05');
INSERT INTO `ciudades` VALUES ('05647', 'SAN ANDRES', '05');
INSERT INTO `ciudades` VALUES ('05649', 'SAN CARLOS', '05');
INSERT INTO `ciudades` VALUES ('05652', 'SAN FRANCISCO', '05');
INSERT INTO `ciudades` VALUES ('05656', 'SAN JERONIMO', '05');
INSERT INTO `ciudades` VALUES ('05658', 'SAN JOSE DE LA MONTANA', '05');
INSERT INTO `ciudades` VALUES ('05659', 'SAN JUAN DE URABA', '05');
INSERT INTO `ciudades` VALUES ('05660', 'SAN LUIS', '05');
INSERT INTO `ciudades` VALUES ('05664', 'SAN PEDRO', '05');
INSERT INTO `ciudades` VALUES ('05665', 'SAN PEDRO DE URABA', '05');
INSERT INTO `ciudades` VALUES ('05667', 'SAN RAFAEL', '05');
INSERT INTO `ciudades` VALUES ('05670', 'SAN ROQUE', '05');
INSERT INTO `ciudades` VALUES ('05674', 'SAN VICENTE', '05');
INSERT INTO `ciudades` VALUES ('05679', 'SANTA BARBARA', '05');
INSERT INTO `ciudades` VALUES ('05686', 'SANTA ROSA DE OSOS', '05');
INSERT INTO `ciudades` VALUES ('05690', 'SANTO DOMINGO', '05');
INSERT INTO `ciudades` VALUES ('05697', 'SANTUARIO', '05');
INSERT INTO `ciudades` VALUES ('05736', 'SEGOVIA', '05');
INSERT INTO `ciudades` VALUES ('05756', 'SONSON', '05');
INSERT INTO `ciudades` VALUES ('05761', 'SOPETRAN', '05');
INSERT INTO `ciudades` VALUES ('05789', 'TAMESIS', '05');
INSERT INTO `ciudades` VALUES ('05790', 'TARAZA', '05');
INSERT INTO `ciudades` VALUES ('05792', 'TARSO', '05');
INSERT INTO `ciudades` VALUES ('05809', 'TITIRIBI', '05');
INSERT INTO `ciudades` VALUES ('05819', 'TOLEDO', '05');
INSERT INTO `ciudades` VALUES ('05837', 'TURBO', '05');
INSERT INTO `ciudades` VALUES ('05842', 'URAMITA', '05');
INSERT INTO `ciudades` VALUES ('05847', 'URRAO', '05');
INSERT INTO `ciudades` VALUES ('05854', 'VALDIVIA', '05');
INSERT INTO `ciudades` VALUES ('05856', 'VALPARAISO', '05');
INSERT INTO `ciudades` VALUES ('05858', 'VEGACHI', '05');
INSERT INTO `ciudades` VALUES ('05861', 'VENECIA', '05');
INSERT INTO `ciudades` VALUES ('05873', 'VIGIA DEL FUERTE', '05');
INSERT INTO `ciudades` VALUES ('05885', 'YALI', '05');
INSERT INTO `ciudades` VALUES ('05887', 'YARUMAL', '05');
INSERT INTO `ciudades` VALUES ('05890', 'YOLOMBO', '05');
INSERT INTO `ciudades` VALUES ('05893', 'YONDO', '05');
INSERT INTO `ciudades` VALUES ('05895', 'ZARAGOZA', '05');
INSERT INTO `ciudades` VALUES ('08001', 'BARRANQUILLA', '08');
INSERT INTO `ciudades` VALUES ('08078', 'BARANOA', '08');
INSERT INTO `ciudades` VALUES ('08137', 'CAMPO DE LA CRUZ', '08');
INSERT INTO `ciudades` VALUES ('08141', 'CANDELARIA', '08');
INSERT INTO `ciudades` VALUES ('08296', 'GALAPA', '08');
INSERT INTO `ciudades` VALUES ('08372', 'JUAN DE ACOSTA', '08');
INSERT INTO `ciudades` VALUES ('08421', 'LURUACO', '08');
INSERT INTO `ciudades` VALUES ('08433', 'MALAMBO', '08');
INSERT INTO `ciudades` VALUES ('08436', 'MANATI', '08');
INSERT INTO `ciudades` VALUES ('08520', 'PALMAR DE VARELA', '08');
INSERT INTO `ciudades` VALUES ('08549', 'PIOJO', '08');
INSERT INTO `ciudades` VALUES ('08558', 'POLO NUEVO', '08');
INSERT INTO `ciudades` VALUES ('08560', 'PONEDERA', '08');
INSERT INTO `ciudades` VALUES ('08573', 'PUERTO COLOMBIA', '08');
INSERT INTO `ciudades` VALUES ('08606', 'REPELON', '08');
INSERT INTO `ciudades` VALUES ('08634', 'SABANAGRANDE', '08');
INSERT INTO `ciudades` VALUES ('08638', 'SABANALARGA', '08');
INSERT INTO `ciudades` VALUES ('08675', 'SANTA LUCIA', '08');
INSERT INTO `ciudades` VALUES ('08685', 'SANTO TOMAS', '08');
INSERT INTO `ciudades` VALUES ('08758', 'SOLEDAD', '08');
INSERT INTO `ciudades` VALUES ('08770', 'SUAN', '08');
INSERT INTO `ciudades` VALUES ('08832', 'TUBARA', '08');
INSERT INTO `ciudades` VALUES ('08849', 'USIACURI', '08');
INSERT INTO `ciudades` VALUES ('11001', 'BOGOTA', '11');
INSERT INTO `ciudades` VALUES ('13001', 'CARTAGENA DE INDIAS', '13');
INSERT INTO `ciudades` VALUES ('13006', 'ACHI', '13');
INSERT INTO `ciudades` VALUES ('13030', 'ALTOS DEL ROSARIO', '13');
INSERT INTO `ciudades` VALUES ('13042', 'ARENAL', '13');
INSERT INTO `ciudades` VALUES ('13052', 'ARJONA', '13');
INSERT INTO `ciudades` VALUES ('13062', 'ARROYOHONDO', '13');
INSERT INTO `ciudades` VALUES ('13074', 'BARRANCO DE LOBA', '13');
INSERT INTO `ciudades` VALUES ('13140', 'CALAMAR', '13');
INSERT INTO `ciudades` VALUES ('13160', 'CANTAGALLO', '13');
INSERT INTO `ciudades` VALUES ('13188', 'CICUCO', '13');
INSERT INTO `ciudades` VALUES ('13212', 'CORDOBA', '13');
INSERT INTO `ciudades` VALUES ('13222', 'CLEMENCIA', '13');
INSERT INTO `ciudades` VALUES ('13244', 'EL CARMEN DE BOLIVAR', '13');
INSERT INTO `ciudades` VALUES ('13248', 'EL GUAMO', '13');
INSERT INTO `ciudades` VALUES ('13268', 'EL PENON', '13');
INSERT INTO `ciudades` VALUES ('13300', 'HATILLO DE LOBA', '13');
INSERT INTO `ciudades` VALUES ('13430', 'MAGANGUE', '13');
INSERT INTO `ciudades` VALUES ('13433', 'MAHATES', '13');
INSERT INTO `ciudades` VALUES ('13440', 'MARGARITA', '13');
INSERT INTO `ciudades` VALUES ('13442', 'MARIA LA BAJA', '13');
INSERT INTO `ciudades` VALUES ('13458', 'MONTECRISTO', '13');
INSERT INTO `ciudades` VALUES ('13468', 'MOMPOS', '13');
INSERT INTO `ciudades` VALUES ('13473', 'MORALES', '13');
INSERT INTO `ciudades` VALUES ('13549', 'PINILLOS', '13');
INSERT INTO `ciudades` VALUES ('13580', 'REGIDOR', '13');
INSERT INTO `ciudades` VALUES ('13600', 'RIO VIEJO', '13');
INSERT INTO `ciudades` VALUES ('13620', 'SAN CRISTOBAL', '13');
INSERT INTO `ciudades` VALUES ('13647', 'SAN ESTANISLAO', '13');
INSERT INTO `ciudades` VALUES ('13650', 'SAN FERNANDO', '13');
INSERT INTO `ciudades` VALUES ('13654', 'SAN JACINTO', '13');
INSERT INTO `ciudades` VALUES ('13655', 'SAN JACINTO DEL CAUCA', '13');
INSERT INTO `ciudades` VALUES ('13657', 'SAN JUAN NEPOMUCENO', '13');
INSERT INTO `ciudades` VALUES ('13667', 'SAN MARTIN DE LOBA', '13');
INSERT INTO `ciudades` VALUES ('13670', 'SAN PABLO', '13');
INSERT INTO `ciudades` VALUES ('13673', 'SANTA CATALINA', '13');
INSERT INTO `ciudades` VALUES ('13683', 'SANTA ROSA', '13');
INSERT INTO `ciudades` VALUES ('13688', 'SANTA ROSA DEL SUR', '13');
INSERT INTO `ciudades` VALUES ('13744', 'SIMITI', '13');
INSERT INTO `ciudades` VALUES ('13760', 'SOPLAVIENTO', '13');
INSERT INTO `ciudades` VALUES ('13780', 'TALAIGUA NUEVO', '13');
INSERT INTO `ciudades` VALUES ('13810', 'TIQUISIO (PUERTO RICO)', '13');
INSERT INTO `ciudades` VALUES ('13836', 'TURBACO', '13');
INSERT INTO `ciudades` VALUES ('13838', 'TURBANA', '13');
INSERT INTO `ciudades` VALUES ('13873', 'VILLANUEVA', '13');
INSERT INTO `ciudades` VALUES ('13894', 'ZAMBRANO', '13');
INSERT INTO `ciudades` VALUES ('15001', 'TUNJA', '15');
INSERT INTO `ciudades` VALUES ('15022', 'ALMEIDA', '15');
INSERT INTO `ciudades` VALUES ('15047', 'AQUITANIA', '15');
INSERT INTO `ciudades` VALUES ('15051', 'ARCABUCO', '15');
INSERT INTO `ciudades` VALUES ('15087', 'BELEN', '15');
INSERT INTO `ciudades` VALUES ('15090', 'BERBEO', '15');
INSERT INTO `ciudades` VALUES ('15092', 'BETEITIVA', '15');
INSERT INTO `ciudades` VALUES ('15097', 'BOAVITA', '15');
INSERT INTO `ciudades` VALUES ('15104', 'BOYACA', '15');
INSERT INTO `ciudades` VALUES ('15106', 'BRICENO', '15');
INSERT INTO `ciudades` VALUES ('15109', 'BUENAVISTA', '15');
INSERT INTO `ciudades` VALUES ('15114', 'BUSBANZA', '15');
INSERT INTO `ciudades` VALUES ('15131', 'CALDAS', '15');
INSERT INTO `ciudades` VALUES ('15135', 'CAMPOHERMOSO', '15');
INSERT INTO `ciudades` VALUES ('15162', 'CERINZA', '15');
INSERT INTO `ciudades` VALUES ('15172', 'CHINAVITA', '15');
INSERT INTO `ciudades` VALUES ('15176', 'CHIQUINQUIRA', '15');
INSERT INTO `ciudades` VALUES ('15180', 'CHISCAS', '15');
INSERT INTO `ciudades` VALUES ('15183', 'CHITA', '15');
INSERT INTO `ciudades` VALUES ('15185', 'CHITARAQUE', '15');
INSERT INTO `ciudades` VALUES ('15187', 'CHIVATA', '15');
INSERT INTO `ciudades` VALUES ('15189', 'CIENEGA', '15');
INSERT INTO `ciudades` VALUES ('15204', 'COMBITA', '15');
INSERT INTO `ciudades` VALUES ('15212', 'COPER', '15');
INSERT INTO `ciudades` VALUES ('15215', 'CORRALES', '15');
INSERT INTO `ciudades` VALUES ('15218', 'COVARACHIA', '15');
INSERT INTO `ciudades` VALUES ('15223', 'CUBARA', '15');
INSERT INTO `ciudades` VALUES ('15224', 'CUCAITA', '15');
INSERT INTO `ciudades` VALUES ('15226', 'CUITIVA', '15');
INSERT INTO `ciudades` VALUES ('15232', 'CHIQUIZA', '15');
INSERT INTO `ciudades` VALUES ('15236', 'CHIVOR', '15');
INSERT INTO `ciudades` VALUES ('15238', 'DUITAMA', '15');
INSERT INTO `ciudades` VALUES ('15244', 'EL COCUY', '15');
INSERT INTO `ciudades` VALUES ('15248', 'EL ESPINO', '15');
INSERT INTO `ciudades` VALUES ('15272', 'FIRAVITOBA', '15');
INSERT INTO `ciudades` VALUES ('15276', 'FLORESTA', '15');
INSERT INTO `ciudades` VALUES ('15293', 'GACHANTIVA', '15');
INSERT INTO `ciudades` VALUES ('15296', 'GAMEZA', '15');
INSERT INTO `ciudades` VALUES ('15299', 'GARAGOA', '15');
INSERT INTO `ciudades` VALUES ('15317', 'GUACAMAYAS', '15');
INSERT INTO `ciudades` VALUES ('15322', 'GUATEQUE', '15');
INSERT INTO `ciudades` VALUES ('15325', 'GUAYATA', '15');
INSERT INTO `ciudades` VALUES ('15332', 'GUICAN', '15');
INSERT INTO `ciudades` VALUES ('15362', 'IZA', '15');
INSERT INTO `ciudades` VALUES ('15367', 'JENESANO', '15');
INSERT INTO `ciudades` VALUES ('15368', 'JERICO', '15');
INSERT INTO `ciudades` VALUES ('15377', 'LABRANZAGRANDE', '15');
INSERT INTO `ciudades` VALUES ('15380', 'LA CAPILLA', '15');
INSERT INTO `ciudades` VALUES ('15401', 'LA VICTORIA', '15');
INSERT INTO `ciudades` VALUES ('15403', 'LA UVITA', '15');
INSERT INTO `ciudades` VALUES ('15407', 'VILLA DE LEIVA', '15');
INSERT INTO `ciudades` VALUES ('15425', 'MACANAL', '15');
INSERT INTO `ciudades` VALUES ('15442', 'MARIPI', '15');
INSERT INTO `ciudades` VALUES ('15455', 'MIRAFLORES', '15');
INSERT INTO `ciudades` VALUES ('15464', 'MONGUA', '15');
INSERT INTO `ciudades` VALUES ('15466', 'MONGUI', '15');
INSERT INTO `ciudades` VALUES ('15469', 'MONIQUIRA', '15');
INSERT INTO `ciudades` VALUES ('15476', 'MOTAVITA', '15');
INSERT INTO `ciudades` VALUES ('15480', 'MUZO', '15');
INSERT INTO `ciudades` VALUES ('15491', 'NOBSA', '15');
INSERT INTO `ciudades` VALUES ('15494', 'NUEVO COLON', '15');
INSERT INTO `ciudades` VALUES ('15500', 'OICATA', '15');
INSERT INTO `ciudades` VALUES ('15507', 'OTANCHE', '15');
INSERT INTO `ciudades` VALUES ('15511', 'PACHAVITA', '15');
INSERT INTO `ciudades` VALUES ('15514', 'PAEZ', '15');
INSERT INTO `ciudades` VALUES ('15516', 'PAIPA', '15');
INSERT INTO `ciudades` VALUES ('15518', 'PAJARITO', '15');
INSERT INTO `ciudades` VALUES ('15522', 'PANQUEBA', '15');
INSERT INTO `ciudades` VALUES ('15531', 'PAUNA', '15');
INSERT INTO `ciudades` VALUES ('15533', 'PAYA', '15');
INSERT INTO `ciudades` VALUES ('15537', 'PAZ DEL RIO', '15');
INSERT INTO `ciudades` VALUES ('15542', 'PESCA', '15');
INSERT INTO `ciudades` VALUES ('15550', 'PISBA', '15');
INSERT INTO `ciudades` VALUES ('15572', 'PUERTO BOYACA', '15');
INSERT INTO `ciudades` VALUES ('15580', 'QUIPAMA', '15');
INSERT INTO `ciudades` VALUES ('15599', 'RAMIRIQUI', '15');
INSERT INTO `ciudades` VALUES ('15600', 'RAQUIRA', '15');
INSERT INTO `ciudades` VALUES ('15621', 'RONDON', '15');
INSERT INTO `ciudades` VALUES ('15632', 'SABOYA', '15');
INSERT INTO `ciudades` VALUES ('15638', 'SACHICA', '15');
INSERT INTO `ciudades` VALUES ('15646', 'SAMACA', '15');
INSERT INTO `ciudades` VALUES ('15660', 'SAN EDUARDO', '15');
INSERT INTO `ciudades` VALUES ('15664', 'SAN JOSE DE PARE', '15');
INSERT INTO `ciudades` VALUES ('15667', 'SAN LUIS DE GACENO', '15');
INSERT INTO `ciudades` VALUES ('15673', 'SAN MATEO', '15');
INSERT INTO `ciudades` VALUES ('15676', 'SAN MIGUEL DE SEMA', '15');
INSERT INTO `ciudades` VALUES ('15681', 'SAN PABLO DE BORBUR', '15');
INSERT INTO `ciudades` VALUES ('15686', 'SANTANA', '15');
INSERT INTO `ciudades` VALUES ('15690', 'SANTA MARIA', '15');
INSERT INTO `ciudades` VALUES ('15693', 'SANTA ROSA DE VITERBO', '15');
INSERT INTO `ciudades` VALUES ('15696', 'SANTA SOFIA', '15');
INSERT INTO `ciudades` VALUES ('15720', 'SATIVANORTE', '15');
INSERT INTO `ciudades` VALUES ('15723', 'SATIVASUR', '15');
INSERT INTO `ciudades` VALUES ('15740', 'SIACHOQUE', '15');
INSERT INTO `ciudades` VALUES ('15753', 'SOATA', '15');
INSERT INTO `ciudades` VALUES ('15755', 'SOCOTA', '15');
INSERT INTO `ciudades` VALUES ('15757', 'SOCHA', '15');
INSERT INTO `ciudades` VALUES ('15759', 'SOGAMOSO', '15');
INSERT INTO `ciudades` VALUES ('15761', 'SOMONDOCO', '15');
INSERT INTO `ciudades` VALUES ('15762', 'SORA', '15');
INSERT INTO `ciudades` VALUES ('15763', 'SOTAQUIRA', '15');
INSERT INTO `ciudades` VALUES ('15764', 'SORACA', '15');
INSERT INTO `ciudades` VALUES ('15774', 'SUSACON', '15');
INSERT INTO `ciudades` VALUES ('15776', 'SUTAMARCHAN', '15');
INSERT INTO `ciudades` VALUES ('15778', 'SUTATENZA', '15');
INSERT INTO `ciudades` VALUES ('15790', 'TASCO', '15');
INSERT INTO `ciudades` VALUES ('15798', 'TENZA', '15');
INSERT INTO `ciudades` VALUES ('15804', 'TIBANA', '15');
INSERT INTO `ciudades` VALUES ('15806', 'TIBASOSA', '15');
INSERT INTO `ciudades` VALUES ('15808', 'TINJACA', '15');
INSERT INTO `ciudades` VALUES ('15810', 'TIPACOQUE', '15');
INSERT INTO `ciudades` VALUES ('15814', 'TOCA', '15');
INSERT INTO `ciudades` VALUES ('15816', 'TOGUI', '15');
INSERT INTO `ciudades` VALUES ('15820', 'TOPAGA', '15');
INSERT INTO `ciudades` VALUES ('15822', 'TOTA', '15');
INSERT INTO `ciudades` VALUES ('15832', 'TUNUNGUA', '15');
INSERT INTO `ciudades` VALUES ('15835', 'TURMEQUE', '15');
INSERT INTO `ciudades` VALUES ('15837', 'TUTA', '15');
INSERT INTO `ciudades` VALUES ('15839', 'TUTASA', '15');
INSERT INTO `ciudades` VALUES ('15842', 'UMBITA', '15');
INSERT INTO `ciudades` VALUES ('15861', 'VENTAQUEMADA', '15');
INSERT INTO `ciudades` VALUES ('15879', 'VIRACACHA', '15');
INSERT INTO `ciudades` VALUES ('15897', 'ZETAQUIRA', '15');
INSERT INTO `ciudades` VALUES ('17001', 'MANIZALES', '17');
INSERT INTO `ciudades` VALUES ('17013', 'AGUADAS', '17');
INSERT INTO `ciudades` VALUES ('17042', 'ANSERMA', '17');
INSERT INTO `ciudades` VALUES ('17050', 'ARANZAZU', '17');
INSERT INTO `ciudades` VALUES ('17088', 'BELALCAZAR', '17');
INSERT INTO `ciudades` VALUES ('17174', 'CHINCHINA', '17');
INSERT INTO `ciudades` VALUES ('17272', 'FILADELFIA', '17');
INSERT INTO `ciudades` VALUES ('17380', 'LA DORADA', '17');
INSERT INTO `ciudades` VALUES ('17388', 'LA MERCED', '17');
INSERT INTO `ciudades` VALUES ('17433', 'MANZANARES', '17');
INSERT INTO `ciudades` VALUES ('17442', 'MARMATO', '17');
INSERT INTO `ciudades` VALUES ('17444', 'MARQUETALIA', '17');
INSERT INTO `ciudades` VALUES ('17446', 'MARULANDA', '17');
INSERT INTO `ciudades` VALUES ('17486', 'NEIRA', '17');
INSERT INTO `ciudades` VALUES ('17495', 'NORCASIA', '17');
INSERT INTO `ciudades` VALUES ('17513', 'PACORA', '17');
INSERT INTO `ciudades` VALUES ('17524', 'PALESTINA', '17');
INSERT INTO `ciudades` VALUES ('17541', 'PENSILVANIA', '17');
INSERT INTO `ciudades` VALUES ('17614', 'RIOSUCIO', '17');
INSERT INTO `ciudades` VALUES ('17616', 'RISARALDA', '17');
INSERT INTO `ciudades` VALUES ('17653', 'SALAMINA', '17');
INSERT INTO `ciudades` VALUES ('17662', 'SAMANA', '17');
INSERT INTO `ciudades` VALUES ('17665', 'SAN JOSE', '17');
INSERT INTO `ciudades` VALUES ('17777', 'SUPIA', '17');
INSERT INTO `ciudades` VALUES ('17867', 'VICTORIA', '17');
INSERT INTO `ciudades` VALUES ('17873', 'VILLAMARIA', '17');
INSERT INTO `ciudades` VALUES ('17877', 'VITERBO', '17');
INSERT INTO `ciudades` VALUES ('18001', 'FLORENCIA', '18');
INSERT INTO `ciudades` VALUES ('18029', 'ALBANIA', '18');
INSERT INTO `ciudades` VALUES ('18094', 'BELEN DE LOS ANDAQUIES', '18');
INSERT INTO `ciudades` VALUES ('18150', 'CARTAGENA DEL CHAIRA', '18');
INSERT INTO `ciudades` VALUES ('18205', 'CURILLO', '18');
INSERT INTO `ciudades` VALUES ('18247', 'EL DONCELLO', '18');
INSERT INTO `ciudades` VALUES ('18256', 'EL PAUJIL', '18');
INSERT INTO `ciudades` VALUES ('18410', 'LA MONTANITA', '18');
INSERT INTO `ciudades` VALUES ('18460', 'MILAN', '18');
INSERT INTO `ciudades` VALUES ('18479', 'MORELIA', '18');
INSERT INTO `ciudades` VALUES ('18592', 'PUERTO RICO', '18');
INSERT INTO `ciudades` VALUES ('18610', 'SAN JOSE DE FRAGUA', '18');
INSERT INTO `ciudades` VALUES ('18753', 'SAN  VICENTE DEL CAGUAN', '18');
INSERT INTO `ciudades` VALUES ('18756', 'SOLANO', '18');
INSERT INTO `ciudades` VALUES ('18785', 'SOLITA', '18');
INSERT INTO `ciudades` VALUES ('18860', 'VALPARAISO', '18');
INSERT INTO `ciudades` VALUES ('19001', 'POPAYAN', '19');
INSERT INTO `ciudades` VALUES ('19022', 'ALMAGUER', '19');
INSERT INTO `ciudades` VALUES ('19050', 'ARGELIA', '19');
INSERT INTO `ciudades` VALUES ('19075', 'BALBOA', '19');
INSERT INTO `ciudades` VALUES ('19100', 'BOLIVAR', '19');
INSERT INTO `ciudades` VALUES ('19110', 'BUENOS AIRES', '19');
INSERT INTO `ciudades` VALUES ('19130', 'CAJIBIO', '19');
INSERT INTO `ciudades` VALUES ('19137', 'CALDONO', '19');
INSERT INTO `ciudades` VALUES ('19142', 'CALOTO', '19');
INSERT INTO `ciudades` VALUES ('19212', 'CORINTO', '19');
INSERT INTO `ciudades` VALUES ('19256', 'EL TAMBO', '19');
INSERT INTO `ciudades` VALUES ('19290', 'FLORENCIA', '19');
INSERT INTO `ciudades` VALUES ('19318', 'GUAPI', '19');
INSERT INTO `ciudades` VALUES ('19355', 'INZA', '19');
INSERT INTO `ciudades` VALUES ('19364', 'JAMBALO', '19');
INSERT INTO `ciudades` VALUES ('19392', 'LA SIERRA', '19');
INSERT INTO `ciudades` VALUES ('19397', 'LA VEGA', '19');
INSERT INTO `ciudades` VALUES ('19418', 'LOPEZ (MICAY)', '19');
INSERT INTO `ciudades` VALUES ('19450', 'MERCADERES', '19');
INSERT INTO `ciudades` VALUES ('19455', 'MIRANDA', '19');
INSERT INTO `ciudades` VALUES ('19473', 'MORALES', '19');
INSERT INTO `ciudades` VALUES ('19513', 'PADILLA', '19');
INSERT INTO `ciudades` VALUES ('19517', 'PAEZ (BELALCAZAR)', '19');
INSERT INTO `ciudades` VALUES ('19532', 'PATIA (EL BORDO)', '19');
INSERT INTO `ciudades` VALUES ('19533', 'PIAMONTE', '19');
INSERT INTO `ciudades` VALUES ('19548', 'PIENDAMO', '19');
INSERT INTO `ciudades` VALUES ('19573', 'PUERTO TEJADA', '19');
INSERT INTO `ciudades` VALUES ('19585', 'PURACE (COCONUCO)', '19');
INSERT INTO `ciudades` VALUES ('19622', 'ROSAS', '19');
INSERT INTO `ciudades` VALUES ('19693', 'SAN SEBASTIAN', '19');
INSERT INTO `ciudades` VALUES ('19698', 'SANTANDER DE QUILICHAO', '19');
INSERT INTO `ciudades` VALUES ('19701', 'SANTA ROSA', '19');
INSERT INTO `ciudades` VALUES ('19743', 'SILVIA', '19');
INSERT INTO `ciudades` VALUES ('19760', 'SOTARA (PAISPAMBA)', '19');
INSERT INTO `ciudades` VALUES ('19780', 'SUAREZ', '19');
INSERT INTO `ciudades` VALUES ('19807', 'TIMBIO', '19');
INSERT INTO `ciudades` VALUES ('19809', 'TIMBIQUI', '19');
INSERT INTO `ciudades` VALUES ('19821', 'TORIBIO', '19');
INSERT INTO `ciudades` VALUES ('19824', 'TOTORO', '19');
INSERT INTO `ciudades` VALUES ('19845', 'VILLARICA', '19');
INSERT INTO `ciudades` VALUES ('20001', 'VALLEDUPAR', '20');
INSERT INTO `ciudades` VALUES ('20011', 'AGUACHICA', '20');
INSERT INTO `ciudades` VALUES ('20013', 'AGUSTIN CODAZZI', '20');
INSERT INTO `ciudades` VALUES ('20032', 'ASTREA', '20');
INSERT INTO `ciudades` VALUES ('20045', 'BECERRIL', '20');
INSERT INTO `ciudades` VALUES ('20060', 'BOSCONIA', '20');
INSERT INTO `ciudades` VALUES ('20175', 'CHIMICHAGUA', '20');
INSERT INTO `ciudades` VALUES ('20178', 'CHIRIGUANA', '20');
INSERT INTO `ciudades` VALUES ('20228', 'CURUMANI', '20');
INSERT INTO `ciudades` VALUES ('20238', 'EL COPEY', '20');
INSERT INTO `ciudades` VALUES ('20250', 'EL PASO', '20');
INSERT INTO `ciudades` VALUES ('20295', 'GAMARRA', '20');
INSERT INTO `ciudades` VALUES ('20310', 'GONZALEZ', '20');
INSERT INTO `ciudades` VALUES ('20383', 'LA GLORIA', '20');
INSERT INTO `ciudades` VALUES ('20400', 'LA JAGUA IBIRICO', '20');
INSERT INTO `ciudades` VALUES ('20443', 'MANAURE (BALCON DEL CESAR)', '20');
INSERT INTO `ciudades` VALUES ('20517', 'PAILITAS', '20');
INSERT INTO `ciudades` VALUES ('20550', 'PELAYA', '20');
INSERT INTO `ciudades` VALUES ('20570', 'PUEBLO BELLO', '20');
INSERT INTO `ciudades` VALUES ('20614', 'RIO DE ORO', '20');
INSERT INTO `ciudades` VALUES ('20621', 'LA PAZ (ROBLES)', '20');
INSERT INTO `ciudades` VALUES ('20710', 'SAN ALBERTO', '20');
INSERT INTO `ciudades` VALUES ('20750', 'SAN DIEGO', '20');
INSERT INTO `ciudades` VALUES ('20770', 'SAN MARTIN', '20');
INSERT INTO `ciudades` VALUES ('20787', 'TAMALAMEQUE', '20');
INSERT INTO `ciudades` VALUES ('23001', 'MONTERIA', '23');
INSERT INTO `ciudades` VALUES ('23068', 'AYAPEL', '23');
INSERT INTO `ciudades` VALUES ('23079', 'BUENAVISTA', '23');
INSERT INTO `ciudades` VALUES ('23090', 'CANALETE', '23');
INSERT INTO `ciudades` VALUES ('23162', 'CERETE', '23');
INSERT INTO `ciudades` VALUES ('23168', 'CHIMA', '23');
INSERT INTO `ciudades` VALUES ('23182', 'CHINU', '23');
INSERT INTO `ciudades` VALUES ('23189', 'CIENAGA DE ORO', '23');
INSERT INTO `ciudades` VALUES ('23300', 'COTORRA', '23');
INSERT INTO `ciudades` VALUES ('23350', 'LA APARTADA', '23');
INSERT INTO `ciudades` VALUES ('23417', 'LORICA', '23');
INSERT INTO `ciudades` VALUES ('23419', 'LOS CORDOBAS', '23');
INSERT INTO `ciudades` VALUES ('23464', 'MOMIL', '23');
INSERT INTO `ciudades` VALUES ('23466', 'MONTELIBANO', '23');
INSERT INTO `ciudades` VALUES ('23500', 'MONITOS', '23');
INSERT INTO `ciudades` VALUES ('23555', 'PLANETA RICA', '23');
INSERT INTO `ciudades` VALUES ('23570', 'PUEBLO NUEVO', '23');
INSERT INTO `ciudades` VALUES ('23574', 'PUERTO ESCONDIDO', '23');
INSERT INTO `ciudades` VALUES ('23580', 'PUERTO LIBERTADOR', '23');
INSERT INTO `ciudades` VALUES ('23586', 'PURISIMA', '23');
INSERT INTO `ciudades` VALUES ('23660', 'SAHAGUN', '23');
INSERT INTO `ciudades` VALUES ('23670', 'SAN ANDRES SOTAVENTO', '23');
INSERT INTO `ciudades` VALUES ('23672', 'SAN ANTERO', '23');
INSERT INTO `ciudades` VALUES ('23675', 'SAN BERNARDO DEL VIENTO', '23');
INSERT INTO `ciudades` VALUES ('23678', 'SAN CARLOS', '23');
INSERT INTO `ciudades` VALUES ('23686', 'SAN PELAYO', '23');
INSERT INTO `ciudades` VALUES ('23807', 'TIERRALTA', '23');
INSERT INTO `ciudades` VALUES ('23855', 'VALENCIA', '23');
INSERT INTO `ciudades` VALUES ('25001', 'AGUA DE DIOS', '25');
INSERT INTO `ciudades` VALUES ('25019', 'ALBAN', '25');
INSERT INTO `ciudades` VALUES ('25035', 'ANAPOIMA', '25');
INSERT INTO `ciudades` VALUES ('25040', 'ANOLAIMA', '25');
INSERT INTO `ciudades` VALUES ('25053', 'ARBELAEZ', '25');
INSERT INTO `ciudades` VALUES ('25086', 'BELTRAN', '25');
INSERT INTO `ciudades` VALUES ('25095', 'BITUIMA', '25');
INSERT INTO `ciudades` VALUES ('25099', 'BOJACA', '25');
INSERT INTO `ciudades` VALUES ('25120', 'CABRERA', '25');
INSERT INTO `ciudades` VALUES ('25123', 'CACHIPAY', '25');
INSERT INTO `ciudades` VALUES ('25126', 'CAJICA', '25');
INSERT INTO `ciudades` VALUES ('25148', 'CAPARRAPI', '25');
INSERT INTO `ciudades` VALUES ('25151', 'CAQUEZA', '25');
INSERT INTO `ciudades` VALUES ('25154', 'CARMEN DE CARUPA', '25');
INSERT INTO `ciudades` VALUES ('25168', 'CHAGUANI', '25');
INSERT INTO `ciudades` VALUES ('25175', 'CHIA', '25');
INSERT INTO `ciudades` VALUES ('25178', 'CHIPAQUE', '25');
INSERT INTO `ciudades` VALUES ('25181', 'CHOACHI', '25');
INSERT INTO `ciudades` VALUES ('25183', 'CHOCONTA', '25');
INSERT INTO `ciudades` VALUES ('25200', 'COGUA', '25');
INSERT INTO `ciudades` VALUES ('25214', 'COTA', '25');
INSERT INTO `ciudades` VALUES ('25224', 'CUCUNUBA', '25');
INSERT INTO `ciudades` VALUES ('25245', 'EL COLEGIO', '25');
INSERT INTO `ciudades` VALUES ('25258', 'EL PENON', '25');
INSERT INTO `ciudades` VALUES ('25260', 'EL ROSAL', '25');
INSERT INTO `ciudades` VALUES ('25269', 'FACATATIVA', '25');
INSERT INTO `ciudades` VALUES ('25279', 'FOMEQUE', '25');
INSERT INTO `ciudades` VALUES ('25281', 'FOSCA', '25');
INSERT INTO `ciudades` VALUES ('25286', 'FUNZA', '25');
INSERT INTO `ciudades` VALUES ('25288', 'FUQUENE', '25');
INSERT INTO `ciudades` VALUES ('25290', 'FUSAGASUGA', '25');
INSERT INTO `ciudades` VALUES ('25293', 'GACHALA', '25');
INSERT INTO `ciudades` VALUES ('25295', 'GACHANCIPA', '25');
INSERT INTO `ciudades` VALUES ('25297', 'GACHETA', '25');
INSERT INTO `ciudades` VALUES ('25299', 'GAMA', '25');
INSERT INTO `ciudades` VALUES ('25307', 'GIRARDOT', '25');
INSERT INTO `ciudades` VALUES ('25312', 'GRANADA', '25');
INSERT INTO `ciudades` VALUES ('25317', 'GUACHETA', '25');
INSERT INTO `ciudades` VALUES ('25320', 'GUADUAS', '25');
INSERT INTO `ciudades` VALUES ('25322', 'GUASCA', '25');
INSERT INTO `ciudades` VALUES ('25324', 'GUATAQUI', '25');
INSERT INTO `ciudades` VALUES ('25326', 'GUATAVITA', '25');
INSERT INTO `ciudades` VALUES ('25328', 'GUAYABAL DE SIQUIMA', '25');
INSERT INTO `ciudades` VALUES ('25335', 'GUAYABETAL', '25');
INSERT INTO `ciudades` VALUES ('25339', 'GUTIERREZ', '25');
INSERT INTO `ciudades` VALUES ('25368', 'JERUSALEN', '25');
INSERT INTO `ciudades` VALUES ('25372', 'JUNIN', '25');
INSERT INTO `ciudades` VALUES ('25377', 'LA CALERA', '25');
INSERT INTO `ciudades` VALUES ('25386', 'LA MESA', '25');
INSERT INTO `ciudades` VALUES ('25394', 'LA PALMA', '25');
INSERT INTO `ciudades` VALUES ('25398', 'LA PENA', '25');
INSERT INTO `ciudades` VALUES ('25402', 'LA VEGA', '25');
INSERT INTO `ciudades` VALUES ('25407', 'LENGUAZAQUE', '25');
INSERT INTO `ciudades` VALUES ('25426', 'MACHETA', '25');
INSERT INTO `ciudades` VALUES ('25430', 'MADRID', '25');
INSERT INTO `ciudades` VALUES ('25436', 'MANTA', '25');
INSERT INTO `ciudades` VALUES ('25438', 'MEDINA', '25');
INSERT INTO `ciudades` VALUES ('25473', 'MOSQUERA', '25');
INSERT INTO `ciudades` VALUES ('25483', 'NARINO', '25');
INSERT INTO `ciudades` VALUES ('25486', 'NEMOCON', '25');
INSERT INTO `ciudades` VALUES ('25488', 'NILO', '25');
INSERT INTO `ciudades` VALUES ('25489', 'NIMAIMA', '25');
INSERT INTO `ciudades` VALUES ('25491', 'NOCAIMA', '25');
INSERT INTO `ciudades` VALUES ('25506', 'VENECIA (OSPINA PEREZ)', '25');
INSERT INTO `ciudades` VALUES ('25513', 'PACHO', '25');
INSERT INTO `ciudades` VALUES ('25518', 'PAIME', '25');
INSERT INTO `ciudades` VALUES ('25524', 'PANDI', '25');
INSERT INTO `ciudades` VALUES ('25530', 'PARATEBUENO', '25');
INSERT INTO `ciudades` VALUES ('25535', 'PASCA', '25');
INSERT INTO `ciudades` VALUES ('25572', 'PUERTO SALGAR', '25');
INSERT INTO `ciudades` VALUES ('25580', 'PULI', '25');
INSERT INTO `ciudades` VALUES ('25592', 'QUEBRADANEGRA', '25');
INSERT INTO `ciudades` VALUES ('25594', 'QUETAME', '25');
INSERT INTO `ciudades` VALUES ('25596', 'QUIPILE', '25');
INSERT INTO `ciudades` VALUES ('25599', 'APULO (RAFAEL REYES)', '25');
INSERT INTO `ciudades` VALUES ('25612', 'RICAURTE', '25');
INSERT INTO `ciudades` VALUES ('25645', 'SAN  ANTONIO DEL  TEQUENDAMA', '25');
INSERT INTO `ciudades` VALUES ('25649', 'SAN BERNARDO', '25');
INSERT INTO `ciudades` VALUES ('25653', 'SAN CAYETANO', '25');
INSERT INTO `ciudades` VALUES ('25658', 'SAN FRANCISCO', '25');
INSERT INTO `ciudades` VALUES ('25662', 'SAN JUAN DE RIOSECO', '25');
INSERT INTO `ciudades` VALUES ('25718', 'SASAIMA', '25');
INSERT INTO `ciudades` VALUES ('25736', 'SESQUILE', '25');
INSERT INTO `ciudades` VALUES ('25740', 'SIBATE', '25');
INSERT INTO `ciudades` VALUES ('25743', 'SILVANIA', '25');
INSERT INTO `ciudades` VALUES ('25745', 'SIMIJACA', '25');
INSERT INTO `ciudades` VALUES ('25754', 'SOACHA', '25');
INSERT INTO `ciudades` VALUES ('25758', 'SOPO', '25');
INSERT INTO `ciudades` VALUES ('25769', 'SUBACHOQUE', '25');
INSERT INTO `ciudades` VALUES ('25772', 'SUESCA', '25');
INSERT INTO `ciudades` VALUES ('25777', 'SUPATA', '25');
INSERT INTO `ciudades` VALUES ('25779', 'SUSA', '25');
INSERT INTO `ciudades` VALUES ('25781', 'SUTATAUSA', '25');
INSERT INTO `ciudades` VALUES ('25785', 'TABIO', '25');
INSERT INTO `ciudades` VALUES ('25793', 'TAUSA', '25');
INSERT INTO `ciudades` VALUES ('25797', 'TENA', '25');
INSERT INTO `ciudades` VALUES ('25799', 'TENJO', '25');
INSERT INTO `ciudades` VALUES ('25805', 'TIBACUY', '25');
INSERT INTO `ciudades` VALUES ('25807', 'TIBIRITA', '25');
INSERT INTO `ciudades` VALUES ('25815', 'TOCAIMA', '25');
INSERT INTO `ciudades` VALUES ('25817', 'TOCANCIPA', '25');
INSERT INTO `ciudades` VALUES ('25823', 'TOPAIPI', '25');
INSERT INTO `ciudades` VALUES ('25839', 'UBALA', '25');
INSERT INTO `ciudades` VALUES ('25841', 'UBAQUE', '25');
INSERT INTO `ciudades` VALUES ('25843', 'UBATE', '25');
INSERT INTO `ciudades` VALUES ('25845', 'UNE', '25');
INSERT INTO `ciudades` VALUES ('25851', 'UTICA', '25');
INSERT INTO `ciudades` VALUES ('25862', 'VERGARA', '25');
INSERT INTO `ciudades` VALUES ('25867', 'VIANI', '25');
INSERT INTO `ciudades` VALUES ('25871', 'VILLAGOMEZ', '25');
INSERT INTO `ciudades` VALUES ('25873', 'VILLAPINZON', '25');
INSERT INTO `ciudades` VALUES ('25875', 'VILLETA', '25');
INSERT INTO `ciudades` VALUES ('25878', 'VIOTA', '25');
INSERT INTO `ciudades` VALUES ('25885', 'YACOPI', '25');
INSERT INTO `ciudades` VALUES ('25898', 'ZIPACON', '25');
INSERT INTO `ciudades` VALUES ('25899', 'ZIPAQUIRA', '25');
INSERT INTO `ciudades` VALUES ('27001', 'QUIBDO (SAN FRANCISCO DE QUIBD', '27');
INSERT INTO `ciudades` VALUES ('27006', 'ACANDI', '27');
INSERT INTO `ciudades` VALUES ('27025', 'ALTO BAUDO (PIE DE PATO)', '27');
INSERT INTO `ciudades` VALUES ('27050', 'ATRATO', '27');
INSERT INTO `ciudades` VALUES ('27073', 'BAGADO', '27');
INSERT INTO `ciudades` VALUES ('27075', 'BAHIA SOLANO (MUTIS)', '27');
INSERT INTO `ciudades` VALUES ('27077', 'BAJO BAUDO (PIZARRO)', '27');
INSERT INTO `ciudades` VALUES ('27099', 'BOJAYA (BELLAVISTA)', '27');
INSERT INTO `ciudades` VALUES ('27135', 'CANTON DE SAN PABLO (MANAGRU)', '27');
INSERT INTO `ciudades` VALUES ('27205', 'CONDOTO', '27');
INSERT INTO `ciudades` VALUES ('27245', 'EL CARMEN DE ATRATO', '27');
INSERT INTO `ciudades` VALUES ('27250', 'LITORAL DEL BAJO SAN JUAN (SAN', '27');
INSERT INTO `ciudades` VALUES ('27361', 'ISTMINA', '27');
INSERT INTO `ciudades` VALUES ('27372', 'JURADO', '27');
INSERT INTO `ciudades` VALUES ('27413', 'LLORO', '27');
INSERT INTO `ciudades` VALUES ('27425', 'MEDIO ATRATO', '27');
INSERT INTO `ciudades` VALUES ('27430', 'MEDIO BAUDO', '27');
INSERT INTO `ciudades` VALUES ('27491', 'NOVITA', '27');
INSERT INTO `ciudades` VALUES ('27495', 'NUQUI', '27');
INSERT INTO `ciudades` VALUES ('27600', 'RIOQUITO', '27');
INSERT INTO `ciudades` VALUES ('27615', 'RIOSUCIO', '27');
INSERT INTO `ciudades` VALUES ('27660', 'SAN JOSE DEL PALMAR', '27');
INSERT INTO `ciudades` VALUES ('27745', 'SIPI', '27');
INSERT INTO `ciudades` VALUES ('27787', 'TADO', '27');
INSERT INTO `ciudades` VALUES ('27800', 'UNGUIA', '27');
INSERT INTO `ciudades` VALUES ('27810', 'UNION PANAMERICANA', '27');
INSERT INTO `ciudades` VALUES ('41001', 'NEIVA', '41');
INSERT INTO `ciudades` VALUES ('41006', 'ACEVEDO', '41');
INSERT INTO `ciudades` VALUES ('41013', 'AGRADO', '41');
INSERT INTO `ciudades` VALUES ('41016', 'AIPE', '41');
INSERT INTO `ciudades` VALUES ('41020', 'ALGECIRAS', '41');
INSERT INTO `ciudades` VALUES ('41026', 'ALTAMIRA', '41');
INSERT INTO `ciudades` VALUES ('41078', 'BARAYA', '41');
INSERT INTO `ciudades` VALUES ('41132', 'CAMPOALEGRE', '41');
INSERT INTO `ciudades` VALUES ('41206', 'COLOMBIA', '41');
INSERT INTO `ciudades` VALUES ('41244', 'ELIAS', '41');
INSERT INTO `ciudades` VALUES ('41298', 'GARZON', '41');
INSERT INTO `ciudades` VALUES ('41306', 'GIGANTE', '41');
INSERT INTO `ciudades` VALUES ('41319', 'GUADALUPE', '41');
INSERT INTO `ciudades` VALUES ('41349', 'HOBO', '41');
INSERT INTO `ciudades` VALUES ('41357', 'IQUIRA', '41');
INSERT INTO `ciudades` VALUES ('41359', 'ISNOS (SAN JOSE DE ISNOS)', '41');
INSERT INTO `ciudades` VALUES ('41378', 'LA ARGENTINA', '41');
INSERT INTO `ciudades` VALUES ('41396', 'LA PLATA', '41');
INSERT INTO `ciudades` VALUES ('41483', 'NATAGA', '41');
INSERT INTO `ciudades` VALUES ('41503', 'OPORAPA', '41');
INSERT INTO `ciudades` VALUES ('41518', 'PAICOL', '41');
INSERT INTO `ciudades` VALUES ('41524', 'PALERMO', '41');
INSERT INTO `ciudades` VALUES ('41530', 'PALESTINA', '41');
INSERT INTO `ciudades` VALUES ('41548', 'PITAL', '41');
INSERT INTO `ciudades` VALUES ('41551', 'PITALITO', '41');
INSERT INTO `ciudades` VALUES ('41615', 'RIVERA', '41');
INSERT INTO `ciudades` VALUES ('41660', 'SALADOBLANCO', '41');
INSERT INTO `ciudades` VALUES ('41668', 'SAN AGUSTIN', '41');
INSERT INTO `ciudades` VALUES ('41676', 'SANTA MARIA', '41');
INSERT INTO `ciudades` VALUES ('41770', 'SUAZA', '41');
INSERT INTO `ciudades` VALUES ('41791', 'TARQUI', '41');
INSERT INTO `ciudades` VALUES ('41797', 'TESALIA', '41');
INSERT INTO `ciudades` VALUES ('41799', 'TELLO', '41');
INSERT INTO `ciudades` VALUES ('41801', 'TERUEL', '41');
INSERT INTO `ciudades` VALUES ('41807', 'TIMANA', '41');
INSERT INTO `ciudades` VALUES ('41872', 'VILLAVIEJA', '41');
INSERT INTO `ciudades` VALUES ('41885', 'YAGUARA', '41');
INSERT INTO `ciudades` VALUES ('44001', 'RIOHACHA', '44');
INSERT INTO `ciudades` VALUES ('44078', 'BARRANCAS', '44');
INSERT INTO `ciudades` VALUES ('44090', 'DIBULLA', '44');
INSERT INTO `ciudades` VALUES ('44098', 'DISTRACCION', '44');
INSERT INTO `ciudades` VALUES ('44110', 'EL MOLINO', '44');
INSERT INTO `ciudades` VALUES ('44279', 'FONSECA', '44');
INSERT INTO `ciudades` VALUES ('44378', 'HATONUEVO', '44');
INSERT INTO `ciudades` VALUES ('44420', 'LA JAGUA DEL PILAR', '44');
INSERT INTO `ciudades` VALUES ('44430', 'MAICAO', '44');
INSERT INTO `ciudades` VALUES ('44560', 'MANAURE', '44');
INSERT INTO `ciudades` VALUES ('44650', 'SAN JUAN DEL CESAR', '44');
INSERT INTO `ciudades` VALUES ('44847', 'URIBIA', '44');
INSERT INTO `ciudades` VALUES ('44855', 'URUMITA', '44');
INSERT INTO `ciudades` VALUES ('44874', 'VILLANUEVA', '44');
INSERT INTO `ciudades` VALUES ('47001', 'SANTA MARTA', '47');
INSERT INTO `ciudades` VALUES ('47030', 'ALGARROBO', '47');
INSERT INTO `ciudades` VALUES ('47053', 'ARACATACA', '47');
INSERT INTO `ciudades` VALUES ('47058', 'ARIGUANI (EL DIFICIL)', '47');
INSERT INTO `ciudades` VALUES ('47161', 'CERRO SAN ANTONIO', '47');
INSERT INTO `ciudades` VALUES ('47170', 'CHIVOLO', '47');
INSERT INTO `ciudades` VALUES ('47189', 'CIENAGA', '47');
INSERT INTO `ciudades` VALUES ('47205', 'CONCORDIA', '47');
INSERT INTO `ciudades` VALUES ('47245', 'EL BANCO', '47');
INSERT INTO `ciudades` VALUES ('47258', 'EL PINON', '47');
INSERT INTO `ciudades` VALUES ('47268', 'EL RETEN', '47');
INSERT INTO `ciudades` VALUES ('47288', 'FUNDACION', '47');
INSERT INTO `ciudades` VALUES ('47318', 'GUAMAL', '47');
INSERT INTO `ciudades` VALUES ('47541', 'PEDRAZA', '47');
INSERT INTO `ciudades` VALUES ('47545', 'PIJINO DEL CARMEN (PIJINO)', '47');
INSERT INTO `ciudades` VALUES ('47551', 'PIVIJAY', '47');
INSERT INTO `ciudades` VALUES ('47555', 'PLATO', '47');
INSERT INTO `ciudades` VALUES ('47570', 'PUEBLOVIEJO', '47');
INSERT INTO `ciudades` VALUES ('47605', 'REMOLINO', '47');
INSERT INTO `ciudades` VALUES ('47660', 'SABANAS DE SAN ANGEL', '47');
INSERT INTO `ciudades` VALUES ('47675', 'SALAMINA', '47');
INSERT INTO `ciudades` VALUES ('47692', 'SAN SEBASTIAN DE BUENAVISTA', '47');
INSERT INTO `ciudades` VALUES ('47703', 'SAN ZENON', '47');
INSERT INTO `ciudades` VALUES ('47707', 'SANTA ANA', '47');
INSERT INTO `ciudades` VALUES ('47745', 'SITIONUEVO', '47');
INSERT INTO `ciudades` VALUES ('47798', 'TENERIFE', '47');
INSERT INTO `ciudades` VALUES ('50001', 'VILLAVICENCIO', '50');
INSERT INTO `ciudades` VALUES ('50006', 'ACACIAS', '50');
INSERT INTO `ciudades` VALUES ('50110', 'BARRANCA DE UPIA', '50');
INSERT INTO `ciudades` VALUES ('50124', 'CABUYARO', '50');
INSERT INTO `ciudades` VALUES ('50150', 'CASTILLA LA NUEVA', '50');
INSERT INTO `ciudades` VALUES ('50223', 'SAN LUIS DE CUBARRAL', '50');
INSERT INTO `ciudades` VALUES ('50226', 'CUMARAL', '50');
INSERT INTO `ciudades` VALUES ('50245', 'EL CALVARIO', '50');
INSERT INTO `ciudades` VALUES ('50251', 'EL CASTILLO', '50');
INSERT INTO `ciudades` VALUES ('50270', 'EL DORADO', '50');
INSERT INTO `ciudades` VALUES ('50287', 'FUENTE DE ORO', '50');
INSERT INTO `ciudades` VALUES ('50313', 'GRANADA', '50');
INSERT INTO `ciudades` VALUES ('50318', 'GUAMAL', '50');
INSERT INTO `ciudades` VALUES ('50325', 'MAPIRIPAN', '50');
INSERT INTO `ciudades` VALUES ('50330', 'MESETAS', '50');
INSERT INTO `ciudades` VALUES ('50350', 'LA MACARENA', '50');
INSERT INTO `ciudades` VALUES ('50370', 'LA URIBE', '50');
INSERT INTO `ciudades` VALUES ('50400', 'LEJANIAS', '50');
INSERT INTO `ciudades` VALUES ('50450', 'PUERTO CONCORDIA', '50');
INSERT INTO `ciudades` VALUES ('50568', 'PUERTO GAITAN', '50');
INSERT INTO `ciudades` VALUES ('50573', 'PUERTO LOPEZ', '50');
INSERT INTO `ciudades` VALUES ('50577', 'PUERTO LLERAS', '50');
INSERT INTO `ciudades` VALUES ('50590', 'PUERTO RICO', '50');
INSERT INTO `ciudades` VALUES ('50606', 'RESTREPO', '50');
INSERT INTO `ciudades` VALUES ('50680', 'SAN CARLOS DE GUAROA', '50');
INSERT INTO `ciudades` VALUES ('50683', 'SAN  JUAN DE ARAMA', '50');
INSERT INTO `ciudades` VALUES ('50686', 'SAN JUANITO', '50');
INSERT INTO `ciudades` VALUES ('50689', 'SAN MARTIN', '50');
INSERT INTO `ciudades` VALUES ('50711', 'VISTAHERMOSA', '50');
INSERT INTO `ciudades` VALUES ('52001', 'PASTO (SAN JUAN DE PASTO)', '52');
INSERT INTO `ciudades` VALUES ('52019', 'ALBAN (SAN JOSE)', '52');
INSERT INTO `ciudades` VALUES ('52022', 'ALDANA', '52');
INSERT INTO `ciudades` VALUES ('52036', 'ANCUYA', '52');
INSERT INTO `ciudades` VALUES ('52051', 'ARBOLEDA (BERRUECOS)', '52');
INSERT INTO `ciudades` VALUES ('52079', 'BARBACOAS', '52');
INSERT INTO `ciudades` VALUES ('52083', 'BELEN', '52');
INSERT INTO `ciudades` VALUES ('52110', 'BUESACO', '52');
INSERT INTO `ciudades` VALUES ('52203', 'COLON (GENOVA)', '52');
INSERT INTO `ciudades` VALUES ('52207', 'CONSACA', '52');
INSERT INTO `ciudades` VALUES ('52210', 'CONTADERO', '52');
INSERT INTO `ciudades` VALUES ('52215', 'CORDOBA', '52');
INSERT INTO `ciudades` VALUES ('52224', 'CUASPUD (CARLOSAMA)', '52');
INSERT INTO `ciudades` VALUES ('52227', 'CUMBAL', '52');
INSERT INTO `ciudades` VALUES ('52233', 'CUMBITARA', '52');
INSERT INTO `ciudades` VALUES ('52240', 'CHACHAGUI', '52');
INSERT INTO `ciudades` VALUES ('52250', 'EL CHARCO', '52');
INSERT INTO `ciudades` VALUES ('52254', 'EL PENOL', '52');
INSERT INTO `ciudades` VALUES ('52256', 'EL ROSARIO', '52');
INSERT INTO `ciudades` VALUES ('52258', 'EL TABLON', '52');
INSERT INTO `ciudades` VALUES ('52260', 'EL TAMBO', '52');
INSERT INTO `ciudades` VALUES ('52287', 'FUNES', '52');
INSERT INTO `ciudades` VALUES ('52317', 'GUACHUCAL', '52');
INSERT INTO `ciudades` VALUES ('52320', 'GUAITARILLA', '52');
INSERT INTO `ciudades` VALUES ('52323', 'GUALMATAN', '52');
INSERT INTO `ciudades` VALUES ('52352', 'ILES', '52');
INSERT INTO `ciudades` VALUES ('52354', 'IMUES', '52');
INSERT INTO `ciudades` VALUES ('52356', 'IPIALES', '52');
INSERT INTO `ciudades` VALUES ('52378', 'LA CRUZ', '52');
INSERT INTO `ciudades` VALUES ('52381', 'LA FLORIDA', '52');
INSERT INTO `ciudades` VALUES ('52385', 'LA LLANADA', '52');
INSERT INTO `ciudades` VALUES ('52390', 'LA TOLA', '52');
INSERT INTO `ciudades` VALUES ('52399', 'LA UNION', '52');
INSERT INTO `ciudades` VALUES ('52405', 'LEIVA', '52');
INSERT INTO `ciudades` VALUES ('52411', 'LINARES', '52');
INSERT INTO `ciudades` VALUES ('52418', 'LOS ANDES (SOTOMAYOR)', '52');
INSERT INTO `ciudades` VALUES ('52427', 'MAGUI (PAYAN)', '52');
INSERT INTO `ciudades` VALUES ('52435', 'MALLAMA (PIEDRANCHA)', '52');
INSERT INTO `ciudades` VALUES ('52473', 'MOSQUERA', '52');
INSERT INTO `ciudades` VALUES ('52490', 'OLAYA HERRERA', '52');
INSERT INTO `ciudades` VALUES ('52506', 'OSPINA', '52');
INSERT INTO `ciudades` VALUES ('52520', 'FRANCISCO PIZARRO (SALAHONDA)', '52');
INSERT INTO `ciudades` VALUES ('52540', 'POLICARPA', '52');
INSERT INTO `ciudades` VALUES ('52560', 'POTOSI', '52');
INSERT INTO `ciudades` VALUES ('52565', 'PROVIDENCIA', '52');
INSERT INTO `ciudades` VALUES ('52573', 'PUERRES', '52');
INSERT INTO `ciudades` VALUES ('52585', 'PUPIALES', '52');
INSERT INTO `ciudades` VALUES ('52612', 'RICAURTE', '52');
INSERT INTO `ciudades` VALUES ('52621', 'ROBERTO PAYAN (SAN JOSE)', '52');
INSERT INTO `ciudades` VALUES ('52678', 'SAMANIEGO', '52');
INSERT INTO `ciudades` VALUES ('52683', 'SANDONA', '52');
INSERT INTO `ciudades` VALUES ('52685', 'SAN BERNARDO', '52');
INSERT INTO `ciudades` VALUES ('52687', 'SAN LORENZO', '52');
INSERT INTO `ciudades` VALUES ('52693', 'SAN PABLO', '52');
INSERT INTO `ciudades` VALUES ('52694', 'SAN PEDRO DE CARTAGO', '52');
INSERT INTO `ciudades` VALUES ('52696', 'SANTA BARBARA (ISCUANDE)', '52');
INSERT INTO `ciudades` VALUES ('52699', 'SANTA CRUZ (GUACHAVES)', '52');
INSERT INTO `ciudades` VALUES ('52720', 'SAPUYES', '52');
INSERT INTO `ciudades` VALUES ('52786', 'TAMINANGO', '52');
INSERT INTO `ciudades` VALUES ('52788', 'TANGUA', '52');
INSERT INTO `ciudades` VALUES ('52835', 'TUMACO', '52');
INSERT INTO `ciudades` VALUES ('52838', 'TUQUERRES', '52');
INSERT INTO `ciudades` VALUES ('52885', 'YACUANQUER', '52');
INSERT INTO `ciudades` VALUES ('54001', 'CUCUTA', '54');
INSERT INTO `ciudades` VALUES ('54003', 'ABREGO', '54');
INSERT INTO `ciudades` VALUES ('54051', 'ARBOLEDAS', '54');
INSERT INTO `ciudades` VALUES ('54099', 'BOCHALEMA', '54');
INSERT INTO `ciudades` VALUES ('54109', 'BUCARASICA', '54');
INSERT INTO `ciudades` VALUES ('54125', 'CACOTA', '54');
INSERT INTO `ciudades` VALUES ('54128', 'CACHIRA', '54');
INSERT INTO `ciudades` VALUES ('54172', 'CHINACOTA', '54');
INSERT INTO `ciudades` VALUES ('54174', 'CHITAGA', '54');
INSERT INTO `ciudades` VALUES ('54206', 'CONVENCION', '54');
INSERT INTO `ciudades` VALUES ('54223', 'CUCUTILLA', '54');
INSERT INTO `ciudades` VALUES ('54239', 'DURANIA', '54');
INSERT INTO `ciudades` VALUES ('54245', 'EL CARMEN', '54');
INSERT INTO `ciudades` VALUES ('54250', 'EL TARRA', '54');
INSERT INTO `ciudades` VALUES ('54261', 'EL ZULIA', '54');
INSERT INTO `ciudades` VALUES ('54313', 'GRAMALOTE', '54');
INSERT INTO `ciudades` VALUES ('54344', 'HACARI', '54');
INSERT INTO `ciudades` VALUES ('54347', 'HERRAN', '54');
INSERT INTO `ciudades` VALUES ('54377', 'LABATECA', '54');
INSERT INTO `ciudades` VALUES ('54385', 'LA ESPERANZA', '54');
INSERT INTO `ciudades` VALUES ('54398', 'LA PLAYA', '54');
INSERT INTO `ciudades` VALUES ('54405', 'LOS PATIOS', '54');
INSERT INTO `ciudades` VALUES ('54418', 'LOURDES', '54');
INSERT INTO `ciudades` VALUES ('54480', 'MUTISCUA', '54');
INSERT INTO `ciudades` VALUES ('54498', 'OCANA', '54');
INSERT INTO `ciudades` VALUES ('54518', 'PAMPLONA', '54');
INSERT INTO `ciudades` VALUES ('54520', 'PAMPLONITA', '54');
INSERT INTO `ciudades` VALUES ('54553', 'PUERTO SANTANDER', '54');
INSERT INTO `ciudades` VALUES ('54599', 'RAGONVALIA', '54');
INSERT INTO `ciudades` VALUES ('54660', 'SALAZAR', '54');
INSERT INTO `ciudades` VALUES ('54670', 'SAN CALIXTO', '54');
INSERT INTO `ciudades` VALUES ('54673', 'SAN CAYETANO', '54');
INSERT INTO `ciudades` VALUES ('54680', 'SANTIAGO', '54');
INSERT INTO `ciudades` VALUES ('54720', 'SARDINATA', '54');
INSERT INTO `ciudades` VALUES ('54743', 'SILOS', '54');
INSERT INTO `ciudades` VALUES ('54800', 'TEORAMA', '54');
INSERT INTO `ciudades` VALUES ('54810', 'TIBU', '54');
INSERT INTO `ciudades` VALUES ('54820', 'TOLEDO', '54');
INSERT INTO `ciudades` VALUES ('54871', 'VILLACARO', '54');
INSERT INTO `ciudades` VALUES ('54874', 'VILLA DEL ROSARIO', '54');
INSERT INTO `ciudades` VALUES ('63001', 'ARMENIA', '63');
INSERT INTO `ciudades` VALUES ('63111', 'BUENAVISTA', '63');
INSERT INTO `ciudades` VALUES ('63130', 'CALARCA', '63');
INSERT INTO `ciudades` VALUES ('63190', 'CIRCASIA', '63');
INSERT INTO `ciudades` VALUES ('63212', 'CORDOBA', '63');
INSERT INTO `ciudades` VALUES ('63272', 'FILANDIA', '63');
INSERT INTO `ciudades` VALUES ('63302', 'GENOVA', '63');
INSERT INTO `ciudades` VALUES ('63401', 'LA TEBAIDA', '63');
INSERT INTO `ciudades` VALUES ('63470', 'MONTENEGRO', '63');
INSERT INTO `ciudades` VALUES ('63548', 'PIJAO', '63');
INSERT INTO `ciudades` VALUES ('63594', 'QUIMBAYA', '63');
INSERT INTO `ciudades` VALUES ('63690', 'SALENTO', '63');
INSERT INTO `ciudades` VALUES ('66001', 'PEREIRA', '66');
INSERT INTO `ciudades` VALUES ('66045', 'APIA', '66');
INSERT INTO `ciudades` VALUES ('66075', 'BALBOA', '66');
INSERT INTO `ciudades` VALUES ('66088', 'BELEN DE UMBRIA', '66');
INSERT INTO `ciudades` VALUES ('66170', 'DOS QUEBRADAS', '66');
INSERT INTO `ciudades` VALUES ('66318', 'GUATICA', '66');
INSERT INTO `ciudades` VALUES ('66383', 'LA CELIA', '66');
INSERT INTO `ciudades` VALUES ('66400', 'LA VIRGINIA', '66');
INSERT INTO `ciudades` VALUES ('66440', 'MARSELLA', '66');
INSERT INTO `ciudades` VALUES ('66456', 'MISTRATO', '66');
INSERT INTO `ciudades` VALUES ('66572', 'PUEBLO RICO', '66');
INSERT INTO `ciudades` VALUES ('66594', 'QUINCHIA', '66');
INSERT INTO `ciudades` VALUES ('66682', 'SANTA ROSA DE CABAL', '66');
INSERT INTO `ciudades` VALUES ('66687', 'SANTUARIO', '66');
INSERT INTO `ciudades` VALUES ('68001', 'BUCARAMANGA', '68');
INSERT INTO `ciudades` VALUES ('68013', 'AGUADA', '68');
INSERT INTO `ciudades` VALUES ('68020', 'ALBANIA', '68');
INSERT INTO `ciudades` VALUES ('68051', 'ARATOCA', '68');
INSERT INTO `ciudades` VALUES ('68077', 'BARBOSA', '68');
INSERT INTO `ciudades` VALUES ('68079', 'BARICHARA', '68');
INSERT INTO `ciudades` VALUES ('68081', 'BARRANCABERMEJA', '68');
INSERT INTO `ciudades` VALUES ('68092', 'BETULIA', '68');
INSERT INTO `ciudades` VALUES ('68101', 'BOLIVAR', '68');
INSERT INTO `ciudades` VALUES ('68121', 'CABRERA', '68');
INSERT INTO `ciudades` VALUES ('68132', 'CALIFORNIA', '68');
INSERT INTO `ciudades` VALUES ('68147', 'CAPITANEJO', '68');
INSERT INTO `ciudades` VALUES ('68152', 'CARCASI', '68');
INSERT INTO `ciudades` VALUES ('68160', 'CEPITA', '68');
INSERT INTO `ciudades` VALUES ('68162', 'CERRITO', '68');
INSERT INTO `ciudades` VALUES ('68167', 'CHARALA', '68');
INSERT INTO `ciudades` VALUES ('68169', 'CHARTA', '68');
INSERT INTO `ciudades` VALUES ('68176', 'CHIMA', '68');
INSERT INTO `ciudades` VALUES ('68179', 'CHIPATA', '68');
INSERT INTO `ciudades` VALUES ('68190', 'CIMITARRA', '68');
INSERT INTO `ciudades` VALUES ('68207', 'CONCEPCION', '68');
INSERT INTO `ciudades` VALUES ('68209', 'CONFINES', '68');
INSERT INTO `ciudades` VALUES ('68211', 'CONTRATACION', '68');
INSERT INTO `ciudades` VALUES ('68217', 'COROMORO', '68');
INSERT INTO `ciudades` VALUES ('68229', 'CURITI', '68');
INSERT INTO `ciudades` VALUES ('68235', 'EL CARMEN DE CHUCURY', '68');
INSERT INTO `ciudades` VALUES ('68245', 'EL GUACAMAYO', '68');
INSERT INTO `ciudades` VALUES ('68250', 'EL PENON', '68');
INSERT INTO `ciudades` VALUES ('68255', 'EL PLAYON', '68');
INSERT INTO `ciudades` VALUES ('68264', 'ENCINO', '68');
INSERT INTO `ciudades` VALUES ('68266', 'ENCISO', '68');
INSERT INTO `ciudades` VALUES ('68271', 'FLORIAN', '68');
INSERT INTO `ciudades` VALUES ('68276', 'FLORIDABLANCA', '68');
INSERT INTO `ciudades` VALUES ('68296', 'GALAN', '68');
INSERT INTO `ciudades` VALUES ('68298', 'GAMBITA', '68');
INSERT INTO `ciudades` VALUES ('68307', 'GIRON', '68');
INSERT INTO `ciudades` VALUES ('68318', 'GUACA', '68');
INSERT INTO `ciudades` VALUES ('68320', 'GUADALUPE', '68');
INSERT INTO `ciudades` VALUES ('68322', 'GUAPOTA', '68');
INSERT INTO `ciudades` VALUES ('68324', 'GUAVATA', '68');
INSERT INTO `ciudades` VALUES ('68327', 'GUEPSA', '68');
INSERT INTO `ciudades` VALUES ('68344', 'HATO', '68');
INSERT INTO `ciudades` VALUES ('68368', 'JESUS MARIA', '68');
INSERT INTO `ciudades` VALUES ('68370', 'JORDAN', '68');
INSERT INTO `ciudades` VALUES ('68377', 'LA BELLEZA', '68');
INSERT INTO `ciudades` VALUES ('68385', 'LANDAZURI', '68');
INSERT INTO `ciudades` VALUES ('68397', 'LA PAZ', '68');
INSERT INTO `ciudades` VALUES ('68406', 'LEBRIJA', '68');
INSERT INTO `ciudades` VALUES ('68418', 'LOS SANTOS', '68');
INSERT INTO `ciudades` VALUES ('68425', 'MACARAVITA', '68');
INSERT INTO `ciudades` VALUES ('68432', 'MALAGA', '68');
INSERT INTO `ciudades` VALUES ('68444', 'MATANZA', '68');
INSERT INTO `ciudades` VALUES ('68464', 'MOGOTES', '68');
INSERT INTO `ciudades` VALUES ('68468', 'MOLAGAVITA', '68');
INSERT INTO `ciudades` VALUES ('68498', 'OCAMONTE', '68');
INSERT INTO `ciudades` VALUES ('68500', 'OIBA', '68');
INSERT INTO `ciudades` VALUES ('68502', 'ONZAGA', '68');
INSERT INTO `ciudades` VALUES ('68522', 'PALMAR', '68');
INSERT INTO `ciudades` VALUES ('68524', 'PALMAS DEL SOCORRO', '68');
INSERT INTO `ciudades` VALUES ('68533', 'PARAMO', '68');
INSERT INTO `ciudades` VALUES ('68547', 'PIEDECUESTA', '68');
INSERT INTO `ciudades` VALUES ('68549', 'PINCHOTE', '68');
INSERT INTO `ciudades` VALUES ('68572', 'PUENTE NACIONAL', '68');
INSERT INTO `ciudades` VALUES ('68573', 'PUERTO PARRA', '68');
INSERT INTO `ciudades` VALUES ('68575', 'PUERTO WILCHES', '68');
INSERT INTO `ciudades` VALUES ('68615', 'RIONEGRO', '68');
INSERT INTO `ciudades` VALUES ('68655', 'SABANA DE TORRES', '68');
INSERT INTO `ciudades` VALUES ('68669', 'SAN ANDRES', '68');
INSERT INTO `ciudades` VALUES ('68673', 'SAN BENITO', '68');
INSERT INTO `ciudades` VALUES ('68679', 'SAN GIL', '68');
INSERT INTO `ciudades` VALUES ('68682', 'SAN JOAQUIN', '68');
INSERT INTO `ciudades` VALUES ('68684', 'SAN JOSE DE MIRANDA', '68');
INSERT INTO `ciudades` VALUES ('68686', 'SAN MIGUEL', '68');
INSERT INTO `ciudades` VALUES ('68689', 'SAN VICENTE DE CHUCURI', '68');
INSERT INTO `ciudades` VALUES ('68705', 'SANTA BARBARA', '68');
INSERT INTO `ciudades` VALUES ('68720', 'SANTA HELENA DEL OPON', '68');
INSERT INTO `ciudades` VALUES ('68745', 'SIMACOTA', '68');
INSERT INTO `ciudades` VALUES ('68755', 'SOCORRO', '68');
INSERT INTO `ciudades` VALUES ('68770', 'SUAITA', '68');
INSERT INTO `ciudades` VALUES ('68773', 'SUCRE', '68');
INSERT INTO `ciudades` VALUES ('68780', 'SURATA', '68');
INSERT INTO `ciudades` VALUES ('68820', 'TONA', '68');
INSERT INTO `ciudades` VALUES ('68855', 'VALLE SAN JOSE', '68');
INSERT INTO `ciudades` VALUES ('68861', 'VELEZ', '68');
INSERT INTO `ciudades` VALUES ('68867', 'VETAS', '68');
INSERT INTO `ciudades` VALUES ('68872', 'VILLANUEVA', '68');
INSERT INTO `ciudades` VALUES ('68895', 'ZAPATOCA', '68');
INSERT INTO `ciudades` VALUES ('70001', 'SINCELEJO', '70');
INSERT INTO `ciudades` VALUES ('70110', 'BUENAVISTA', '70');
INSERT INTO `ciudades` VALUES ('70124', 'CAIMITO', '70');
INSERT INTO `ciudades` VALUES ('70204', 'COLOSO (RICAURTE)', '70');
INSERT INTO `ciudades` VALUES ('70215', 'COROZAL', '70');
INSERT INTO `ciudades` VALUES ('70230', 'CHALAN', '70');
INSERT INTO `ciudades` VALUES ('70235', 'GALERAS (NUEVA GRANADA)', '70');
INSERT INTO `ciudades` VALUES ('70265', 'GUARANDA', '70');
INSERT INTO `ciudades` VALUES ('70400', 'LA UNION', '70');
INSERT INTO `ciudades` VALUES ('70418', 'LOS PALMITOS', '70');
INSERT INTO `ciudades` VALUES ('70429', 'MAJAGUAL', '70');
INSERT INTO `ciudades` VALUES ('70473', 'MORROA', '70');
INSERT INTO `ciudades` VALUES ('70508', 'OVEJAS', '70');
INSERT INTO `ciudades` VALUES ('70523', 'PALMITO', '70');
INSERT INTO `ciudades` VALUES ('70670', 'SAMPUES', '70');
INSERT INTO `ciudades` VALUES ('70678', 'SAN BENITO ABAD', '70');
INSERT INTO `ciudades` VALUES ('70702', 'SAN JUAN DE BETULIA', '70');
INSERT INTO `ciudades` VALUES ('70708', 'SAN MARCOS', '70');
INSERT INTO `ciudades` VALUES ('70713', 'SAN ONOFRE', '70');
INSERT INTO `ciudades` VALUES ('70717', 'SAN PEDRO', '70');
INSERT INTO `ciudades` VALUES ('70742', 'SINCE', '70');
INSERT INTO `ciudades` VALUES ('70771', 'SUCRE', '70');
INSERT INTO `ciudades` VALUES ('70820', 'TOLU', '70');
INSERT INTO `ciudades` VALUES ('70823', 'TOLUVIEJO', '70');
INSERT INTO `ciudades` VALUES ('73001', 'IBAGUE', '73');
INSERT INTO `ciudades` VALUES ('73024', 'ALPUJARRA', '73');
INSERT INTO `ciudades` VALUES ('73026', 'ALVARADO', '73');
INSERT INTO `ciudades` VALUES ('73030', 'AMBALEMA', '73');
INSERT INTO `ciudades` VALUES ('73043', 'ANZOATEGUI', '73');
INSERT INTO `ciudades` VALUES ('73055', 'ARMERO (GUAYABAL)', '73');
INSERT INTO `ciudades` VALUES ('73067', 'ATACO', '73');
INSERT INTO `ciudades` VALUES ('73124', 'CAJAMARCA', '73');
INSERT INTO `ciudades` VALUES ('73148', 'CARMEN APICALA', '73');
INSERT INTO `ciudades` VALUES ('73152', 'CASABIANCA', '73');
INSERT INTO `ciudades` VALUES ('73168', 'CHAPARRAL', '73');
INSERT INTO `ciudades` VALUES ('73200', 'COELLO', '73');
INSERT INTO `ciudades` VALUES ('73217', 'COYAIMA', '73');
INSERT INTO `ciudades` VALUES ('73226', 'CUNDAY', '73');
INSERT INTO `ciudades` VALUES ('73236', 'DOLORES', '73');
INSERT INTO `ciudades` VALUES ('73268', 'ESPINAL', '73');
INSERT INTO `ciudades` VALUES ('73270', 'FALAN', '73');
INSERT INTO `ciudades` VALUES ('73275', 'FLANDES', '73');
INSERT INTO `ciudades` VALUES ('73283', 'FRESNO', '73');
INSERT INTO `ciudades` VALUES ('73319', 'GUAMO', '73');
INSERT INTO `ciudades` VALUES ('73347', 'HERVEO', '73');
INSERT INTO `ciudades` VALUES ('73349', 'HONDA', '73');
INSERT INTO `ciudades` VALUES ('73352', 'ICONONZO', '73');
INSERT INTO `ciudades` VALUES ('73408', 'LERIDA', '73');
INSERT INTO `ciudades` VALUES ('73411', 'LIBANO', '73');
INSERT INTO `ciudades` VALUES ('73443', 'MARIQUITA', '73');
INSERT INTO `ciudades` VALUES ('73449', 'MELGAR', '73');
INSERT INTO `ciudades` VALUES ('73461', 'MURILLO', '73');
INSERT INTO `ciudades` VALUES ('73483', 'NATAGAIMA', '73');
INSERT INTO `ciudades` VALUES ('73504', 'ORTEGA', '73');
INSERT INTO `ciudades` VALUES ('73520', 'PALOCABILDO', '73');
INSERT INTO `ciudades` VALUES ('73547', 'PIEDRAS', '73');
INSERT INTO `ciudades` VALUES ('73555', 'PLANADAS', '73');
INSERT INTO `ciudades` VALUES ('73563', 'PRADO', '73');
INSERT INTO `ciudades` VALUES ('73585', 'PURIFICACION', '73');
INSERT INTO `ciudades` VALUES ('73616', 'RIOBLANCO', '73');
INSERT INTO `ciudades` VALUES ('73622', 'RONCESVALLES', '73');
INSERT INTO `ciudades` VALUES ('73624', 'ROVIRA', '73');
INSERT INTO `ciudades` VALUES ('73671', 'SALDANA', '73');
INSERT INTO `ciudades` VALUES ('73675', 'SAN ANTONIO', '73');
INSERT INTO `ciudades` VALUES ('73678', 'SAN LUIS', '73');
INSERT INTO `ciudades` VALUES ('73686', 'SANTA ISABEL', '73');
INSERT INTO `ciudades` VALUES ('73770', 'SUAREZ', '73');
INSERT INTO `ciudades` VALUES ('73854', 'VALLE DE SAN JUAN', '73');
INSERT INTO `ciudades` VALUES ('73861', 'VENADILLO', '73');
INSERT INTO `ciudades` VALUES ('73870', 'VILLAHERMOSA', '73');
INSERT INTO `ciudades` VALUES ('73873', 'VILLARRICA', '73');
INSERT INTO `ciudades` VALUES ('76001', 'CALI (SANTIAGO DE CALI)', '76');
INSERT INTO `ciudades` VALUES ('76020', 'ALCALA', '76');
INSERT INTO `ciudades` VALUES ('76036', 'ANDALUCIA', '76');
INSERT INTO `ciudades` VALUES ('76041', 'ANSERMANUEVO', '76');
INSERT INTO `ciudades` VALUES ('76054', 'ARGELIA', '76');
INSERT INTO `ciudades` VALUES ('76100', 'BOLIVAR', '76');
INSERT INTO `ciudades` VALUES ('76109', 'BUENAVENTURA', '76');
INSERT INTO `ciudades` VALUES ('76111', 'BUGA', '76');
INSERT INTO `ciudades` VALUES ('76113', 'BUGALAGRANDE', '76');
INSERT INTO `ciudades` VALUES ('76122', 'CAICEDONIA', '76');
INSERT INTO `ciudades` VALUES ('76126', 'CALIMA (DARIEN)', '76');
INSERT INTO `ciudades` VALUES ('76130', 'CANDELARIA', '76');
INSERT INTO `ciudades` VALUES ('76147', 'CARTAGO', '76');
INSERT INTO `ciudades` VALUES ('76233', 'DAGUA', '76');
INSERT INTO `ciudades` VALUES ('76243', 'EL AGUILA', '76');
INSERT INTO `ciudades` VALUES ('76246', 'EL CAIRO', '76');
INSERT INTO `ciudades` VALUES ('76248', 'EL CERRITO', '76');
INSERT INTO `ciudades` VALUES ('76250', 'EL DOVIO', '76');
INSERT INTO `ciudades` VALUES ('76275', 'FLORIDA', '76');
INSERT INTO `ciudades` VALUES ('76306', 'GINEBRA', '76');
INSERT INTO `ciudades` VALUES ('76318', 'GUACARI', '76');
INSERT INTO `ciudades` VALUES ('76364', 'JAMUNDI', '76');
INSERT INTO `ciudades` VALUES ('76377', 'LA CUMBRE', '76');
INSERT INTO `ciudades` VALUES ('76400', 'LA UNION', '76');
INSERT INTO `ciudades` VALUES ('76403', 'LA VICTORIA', '76');
INSERT INTO `ciudades` VALUES ('76497', 'OBANDO', '76');
INSERT INTO `ciudades` VALUES ('76520', 'PALMIRA', '76');
INSERT INTO `ciudades` VALUES ('76563', 'PRADERA', '76');
INSERT INTO `ciudades` VALUES ('76606', 'RESTREPO', '76');
INSERT INTO `ciudades` VALUES ('76616', 'RIOFRIO', '76');
INSERT INTO `ciudades` VALUES ('76622', 'ROLDANILLO', '76');
INSERT INTO `ciudades` VALUES ('76670', 'SAN PEDRO', '76');
INSERT INTO `ciudades` VALUES ('76736', 'SEVILLA', '76');
INSERT INTO `ciudades` VALUES ('76823', 'TORO', '76');
INSERT INTO `ciudades` VALUES ('76828', 'TRUJILLO', '76');
INSERT INTO `ciudades` VALUES ('76834', 'TULUA', '76');
INSERT INTO `ciudades` VALUES ('76845', 'ULLOA', '76');
INSERT INTO `ciudades` VALUES ('76863', 'VERSALLES', '76');
INSERT INTO `ciudades` VALUES ('76869', 'VIJES', '76');
INSERT INTO `ciudades` VALUES ('76890', 'YOTOCO', '76');
INSERT INTO `ciudades` VALUES ('76892', 'YUMBO', '76');
INSERT INTO `ciudades` VALUES ('76895', 'ZARZAL', '76');
INSERT INTO `ciudades` VALUES ('81001', 'ARAUCA', '81');
INSERT INTO `ciudades` VALUES ('81065', 'ARAUQUITA', '81');
INSERT INTO `ciudades` VALUES ('81220', 'CRAVO NORTE', '81');
INSERT INTO `ciudades` VALUES ('81300', 'FORTUL', '81');
INSERT INTO `ciudades` VALUES ('81591', 'PUERTO RONDON', '81');
INSERT INTO `ciudades` VALUES ('81736', 'SARAVENA', '81');
INSERT INTO `ciudades` VALUES ('81794', 'TAME', '81');
INSERT INTO `ciudades` VALUES ('85001', 'YOPAL', '85');
INSERT INTO `ciudades` VALUES ('85010', 'AGUAZUL', '85');
INSERT INTO `ciudades` VALUES ('85015', 'CHAMEZA', '85');
INSERT INTO `ciudades` VALUES ('85125', 'HATO COROZAL', '85');
INSERT INTO `ciudades` VALUES ('85136', 'LA SALINA', '85');
INSERT INTO `ciudades` VALUES ('85139', 'MANI', '85');
INSERT INTO `ciudades` VALUES ('85162', 'MONTERREY', '85');
INSERT INTO `ciudades` VALUES ('85225', 'NUNCHIA', '85');
INSERT INTO `ciudades` VALUES ('85230', 'OROCUE', '85');
INSERT INTO `ciudades` VALUES ('85250', 'PAZ DE ARIPORO', '85');
INSERT INTO `ciudades` VALUES ('85263', 'PORE', '85');
INSERT INTO `ciudades` VALUES ('85279', 'RECETOR', '85');
INSERT INTO `ciudades` VALUES ('85300', 'SABANALARGA', '85');
INSERT INTO `ciudades` VALUES ('85315', 'SACAMA', '85');
INSERT INTO `ciudades` VALUES ('85325', 'SAN LUIS DE PALENQUE', '85');
INSERT INTO `ciudades` VALUES ('85400', 'TAMARA', '85');
INSERT INTO `ciudades` VALUES ('85410', 'TAURAMENA', '85');
INSERT INTO `ciudades` VALUES ('85430', 'TRINIDAD', '85');
INSERT INTO `ciudades` VALUES ('85440', 'VILLANUEVA', '85');
INSERT INTO `ciudades` VALUES ('86001', 'MOCOA', '86');
INSERT INTO `ciudades` VALUES ('86219', 'COLON', '86');
INSERT INTO `ciudades` VALUES ('86320', 'ORITO', '86');
INSERT INTO `ciudades` VALUES ('86568', 'PUERTO ASIS', '86');
INSERT INTO `ciudades` VALUES ('86569', 'PUERTO CAICEDO', '86');
INSERT INTO `ciudades` VALUES ('86571', 'PUERTO GUZMAN', '86');
INSERT INTO `ciudades` VALUES ('86573', 'PUERTO LEGUIZAMO', '86');
INSERT INTO `ciudades` VALUES ('86749', 'SIBUNDOY', '86');
INSERT INTO `ciudades` VALUES ('86755', 'SAN FRANCISCO', '86');
INSERT INTO `ciudades` VALUES ('86757', 'SAN MIGUEL (LA DORADA)', '86');
INSERT INTO `ciudades` VALUES ('86760', 'SANTIAGO', '86');
INSERT INTO `ciudades` VALUES ('86865', 'LA HORMIGA (VALLE DEL GUAMUEZ)', '86');
INSERT INTO `ciudades` VALUES ('86885', 'VILLAGARZON', '86');
INSERT INTO `ciudades` VALUES ('88001', 'SAN ANDRES', '88');
INSERT INTO `ciudades` VALUES ('88564', 'PROVIDENCIA', '88');
INSERT INTO `ciudades` VALUES ('91001', 'LETICIA', '91');
INSERT INTO `ciudades` VALUES ('91263', 'EL ENCANTO', '91');
INSERT INTO `ciudades` VALUES ('91405', 'LA CHORRERA', '91');
INSERT INTO `ciudades` VALUES ('91407', 'LA PEDRERA', '91');
INSERT INTO `ciudades` VALUES ('91430', 'LA VICTORIA', '91');
INSERT INTO `ciudades` VALUES ('91460', 'MIRITI-PARANA', '91');
INSERT INTO `ciudades` VALUES ('91530', 'PUERTO ALEGRIA', '91');
INSERT INTO `ciudades` VALUES ('91536', 'PUERTO ARICA', '91');
INSERT INTO `ciudades` VALUES ('91540', 'PUERTO NARINO', '91');
INSERT INTO `ciudades` VALUES ('91669', 'PUERTO SANTANDER', '91');
INSERT INTO `ciudades` VALUES ('91798', 'TARAPACA', '91');
INSERT INTO `ciudades` VALUES ('94001', 'PUERTO INIRIDA', '94');
INSERT INTO `ciudades` VALUES ('94343', 'BARRANCO MINAS', '94');
INSERT INTO `ciudades` VALUES ('94883', 'SAN FELIPE', '94');
INSERT INTO `ciudades` VALUES ('94884', 'PUERTO COLOMBIA', '94');
INSERT INTO `ciudades` VALUES ('94885', 'LA GUADALUPE', '94');
INSERT INTO `ciudades` VALUES ('94886', 'CACAHUAL', '94');
INSERT INTO `ciudades` VALUES ('94887', 'PANA PANA (CAMPO ALEGRE)', '94');
INSERT INTO `ciudades` VALUES ('94888', 'MORICHAL (MORICHAL NUEVO)', '94');
INSERT INTO `ciudades` VALUES ('95001', 'SAN JOSE DEL GUAVIARE', '95');
INSERT INTO `ciudades` VALUES ('95015', 'CALAMAR', '95');
INSERT INTO `ciudades` VALUES ('95025', 'EL RETORNO', '95');
INSERT INTO `ciudades` VALUES ('95200', 'MIRAFLORES', '95');
INSERT INTO `ciudades` VALUES ('97001', 'MITU', '97');
INSERT INTO `ciudades` VALUES ('97161', 'CARURU', '97');
INSERT INTO `ciudades` VALUES ('97511', 'PACOA', '97');
INSERT INTO `ciudades` VALUES ('97666', 'TARAIRA', '97');
INSERT INTO `ciudades` VALUES ('97777', 'PAPUNAUA (MORICHAL)', '97');
INSERT INTO `ciudades` VALUES ('97889', 'YAVARATE', '97');
INSERT INTO `ciudades` VALUES ('99001', 'PUERTO CARRENO', '99');
INSERT INTO `ciudades` VALUES ('99524', 'LA PRIMAVERA', '99');
INSERT INTO `ciudades` VALUES ('99572', 'SANTA RITA', '99');
INSERT INTO `ciudades` VALUES ('99666', 'SANTA ROSALIA', '99');
INSERT INTO `ciudades` VALUES ('99760', 'SAN JOSE DE OCUNE', '99');
INSERT INTO `ciudades` VALUES ('99773', 'CUMARIBO', '99');
INSERT INTO `ciudades` VALUES ('PA001', 'PANAMA', '0501');
INSERT INTO `ciudades` VALUES ('US001', 'MILWAKEE', '0401');

-- ----------------------------
-- Table structure for `dptos`
-- ----------------------------
DROP TABLE IF EXISTS `dptos`;
CREATE TABLE `dptos` (
  `id_dpto` varchar(4) NOT NULL,
  `nombre` varchar(80) NOT NULL,
  `id_pais` int(11) NOT NULL,
  PRIMARY KEY (`id_dpto`),
  KEY `fk_paises_dptos` (`id_pais`),
  CONSTRAINT `fk_paises_dptos` FOREIGN KEY (`id_pais`) REFERENCES `paises` (`id_pais`) ON DELETE NO ACTION ON UPDATE CASCADE
) ENGINE=InnoDB DEFAULT CHARSET=utf8mb4;

-- ----------------------------
-- Records of dptos
-- ----------------------------
INSERT INTO `dptos` VALUES ('0401', 'WINSCONSIN', '4');
INSERT INTO `dptos` VALUES ('05', 'ANTIOQUIA', '1');
INSERT INTO `dptos` VALUES ('0501', 'PANAMA', '5');
INSERT INTO `dptos` VALUES ('08', 'ATLANTICO', '1');
INSERT INTO `dptos` VALUES ('09', 'BARRANQUILLA D.E', '1');
INSERT INTO `dptos` VALUES ('11', 'BOGOTA D.C.', '1');
INSERT INTO `dptos` VALUES ('13', 'BOLIVAR', '1');
INSERT INTO `dptos` VALUES ('14', 'CARTAGENA D.E.', '1');
INSERT INTO `dptos` VALUES ('15', 'BOYACA', '1');
INSERT INTO `dptos` VALUES ('17', 'CALDAS', '1');
INSERT INTO `dptos` VALUES ('18', 'CAQUETA', '1');
INSERT INTO `dptos` VALUES ('19', 'CAUCA', '1');
INSERT INTO `dptos` VALUES ('20', 'CESAR', '1');
INSERT INTO `dptos` VALUES ('23', 'CORDOVA', '1');
INSERT INTO `dptos` VALUES ('25', 'CUNDINAMARCA', '1');
INSERT INTO `dptos` VALUES ('27', 'CHOCO', '1');
INSERT INTO `dptos` VALUES ('41', 'HUILA', '1');
INSERT INTO `dptos` VALUES ('44', 'LA GUAJIRA', '1');
INSERT INTO `dptos` VALUES ('47', 'MAGDALENA', '1');
INSERT INTO `dptos` VALUES ('48', 'SANTAMARTA D.E', '1');
INSERT INTO `dptos` VALUES ('50', 'META', '1');
INSERT INTO `dptos` VALUES ('52', 'NARINO', '1');
INSERT INTO `dptos` VALUES ('54', 'NORTE DE SANTANDER', '1');
INSERT INTO `dptos` VALUES ('63', 'QUINDIO', '1');
INSERT INTO `dptos` VALUES ('66', 'RISARALDA', '1');
INSERT INTO `dptos` VALUES ('68', 'SANTANDER', '1');
INSERT INTO `dptos` VALUES ('70', 'SUCRE', '1');
INSERT INTO `dptos` VALUES ('73', 'TOLIMA', '1');
INSERT INTO `dptos` VALUES ('76', 'VALLE', '1');
INSERT INTO `dptos` VALUES ('81', 'ARAUCA', '1');
INSERT INTO `dptos` VALUES ('85', 'CASANARE', '1');
INSERT INTO `dptos` VALUES ('86', 'PUTUMAYO', '1');
INSERT INTO `dptos` VALUES ('88', 'SAN ANDRES', '1');
INSERT INTO `dptos` VALUES ('91', 'AMAZONAS', '1');
INSERT INTO `dptos` VALUES ('94', 'GUAINIA', '1');
INSERT INTO `dptos` VALUES ('95', 'GUAVIARE', '1');
INSERT INTO `dptos` VALUES ('97', 'VAUPES', '1');
INSERT INTO `dptos` VALUES ('99', 'VICHADA', '1');

-- ----------------------------
-- Table structure for `paises`
-- ----------------------------
DROP TABLE IF EXISTS `paises`;
CREATE TABLE `paises` (
  `id_pais` int(11) NOT NULL,
  `nombre` varchar(80) NOT NULL,
  `abrev` varchar(3) DEFAULT NULL,
  PRIMARY KEY (`id_pais`)
) ENGINE=InnoDB DEFAULT CHARSET=utf8mb4;

-- ----------------------------
-- Records of paises
-- ----------------------------
INSERT INTO `paises` VALUES ('1', 'COLOMBIA', 'CO');
INSERT INTO `paises` VALUES ('2', 'VENEZUELA', 'VE');
INSERT INTO `paises` VALUES ('3', 'PERU', 'PE');
INSERT INTO `paises` VALUES ('4', 'ESTADOS UNIDOS', 'US');
INSERT INTO `paises` VALUES ('5', 'PANAMA', 'PA');

-- ----------------------------
-- Table structure for `pr_tabla`
-- ----------------------------
DROP TABLE IF EXISTS `pr_tabla`;
CREATE TABLE `pr_tabla` (
  `id` int(11) NOT NULL AUTO_INCREMENT,
  `nombre` varchar(80) DEFAULT NULL,
  `pr_apellido` varchar(100) DEFAULT NULL,
  `sg_apellido` varchar(100) DEFAULT NULL,
  `estado` smallint(6) DEFAULT NULL,
  PRIMARY KEY (`id`)
) ENGINE=InnoDB AUTO_INCREMENT=4 DEFAULT CHARSET=utf8mb4;

-- ----------------------------
-- Records of pr_tabla
-- ----------------------------
INSERT INTO `pr_tabla` VALUES ('1', 'Andres', 'Diaz', 'Lara', '1');
INSERT INTO `pr_tabla` VALUES ('2', 'Maria', 'Lopez', 'Muoz', '1');
INSERT INTO `pr_tabla` VALUES ('3', 'Andres', 'Lopez', 'Diaz', '1');

-- ----------------------------
-- Table structure for `usuarios`
-- ----------------------------
DROP TABLE IF EXISTS `usuarios`;
CREATE TABLE `usuarios` (
  `login` varchar(50) NOT NULL,
  `clave` varchar(120) DEFAULT NULL,
  PRIMARY KEY (`login`)
) ENGINE=InnoDB DEFAULT CHARSET=utf8mb4;

-- ----------------------------
-- Records of usuarios
-- ----------------------------
INSERT INTO `usuarios` VALUES ('admin', 'admin');
